BLEU,ROUGE1,ROUGE2,ROUGEL,METEOR,GLEU,Repetition Rate,Flesch Reading Ease,CoSIM,BERT Score,Toxicity,Novelty,Diversity
0.1828,0.503,0.2622,0.3576,0.4896,0.2074,0.494,52.19,0.7502,0.7075,0.0021,0.5512,0.506
0.3925,0.656,0.4558,0.416,0.617,0.4078,0.4462,58.11,0.8646,0.7534,0.0011,0.3813,0.5538
0.1506,0.5217,0.1748,0.2813,0.1658,0.2134,0.5777,53.71,0.711,0.647,0.0004,0.1833,0.4223
0.3382,0.5984,0.3902,0.3881,0.504,0.3517,0.498,66.27,0.7305,0.7495,0.0014,0.4286,0.502
0.0809,0.4581,0.1404,0.2346,0.3793,0.1297,0.4921,62.48,0.779,0.6706,0.0005,0.6434,0.5079
0.3344,0.6062,0.3645,0.4153,0.497,0.3616,0.4418,59.94,0.8266,0.7268,0.0099,0.4532,0.5582
0.1361,0.4134,0.1957,0.2857,0.2095,0.1663,0.5444,53.1,0.713,0.6551,0.005,0.25,0.4556
0.1839,0.4625,0.2453,0.3188,0.5642,0.2032,0.452,57.4,0.703,0.716,0.0059,0.5547,0.548
0.0748,0.4464,0.1257,0.256,0.1947,0.1307,0.5119,51.48,0.7314,0.6495,0.0005,0.3016,0.4881
0.2615,0.5864,0.3,0.3822,0.502,0.2937,0.4609,60.04,0.8282,0.7331,0.0014,0.471,0.5391
0.4749,0.6838,0.5903,0.5584,0.6675,0.4802,0.4752,60.75,0.8405,0.7948,0.0066,0.2913,0.5248
0.5135,0.6997,0.6094,0.6281,0.3118,0.5161,0.532,53.61,0.9152,0.759,0.0106,0.104,0.468
0.3746,0.6103,0.4124,0.4256,0.5325,0.3868,0.4343,61.67,0.8317,0.7626,0.0024,0.4507,0.5657
0.224,0.5473,0.2499,0.2985,0.4063,0.2794,0.4524,49.96,0.7868,0.7054,0.0142,0.471,0.5476
0.227,0.5612,0.2718,0.3061,0.2164,0.2683,0.5197,68.6,0.8688,0.7056,0.0027,0.2165,0.4803
0.1968,0.5253,0.2484,0.3544,0.5183,0.2181,0.496,62.38,0.7411,0.7407,0.0009,0.52,0.504
0.2029,0.5754,0.2528,0.3128,0.4921,0.2455,0.44,66.88,0.8553,0.7254,0.0046,0.5,0.56
0.2483,0.5203,0.2779,0.2439,0.4811,0.2735,0.5,62.07,0.7666,0.6893,0.0008,0.4921,0.5
0.3354,0.5928,0.3782,0.3763,0.542,0.3525,0.498,59.74,0.8676,0.7104,0.7452,0.416,0.502
0.1366,0.4526,0.1908,0.2446,0.2042,0.1684,0.5282,62.38,0.7545,0.6946,0.0009,0.2782,0.4718
0.1855,0.4606,0.2111,0.2915,0.5011,0.2106,0.4512,58.01,0.6175,0.676,0.0011,0.637,0.5488
0.1514,0.4295,0.1871,0.2372,0.4557,0.1784,0.4661,63.19,0.6454,0.6849,0.0009,0.6418,0.5339
0.1795,0.497,0.2048,0.2994,0.2151,0.2098,0.5519,60.55,0.6537,0.6145,0.3918,0.2199,0.4481
0.1555,0.5549,0.2267,0.2775,0.468,0.1968,0.4274,38.76,0.6968,0.7245,0.0041,0.5915,0.5726
0.2182,0.5361,0.2727,0.3434,0.5273,0.2454,0.4677,52.39,0.7993,0.7055,0.0037,0.5606,0.5323
0.2412,0.5437,0.3019,0.3625,0.489,0.26,0.477,58.01,0.7453,0.7308,0.0004,0.504,0.523
0.2363,0.5251,0.2865,0.3464,0.4635,0.2574,0.4921,49.15,0.734,0.7012,0.0051,0.4961,0.5079
0.2918,0.5732,0.3558,0.4207,0.5864,0.3032,0.4226,63.9,0.7013,0.7409,0.0092,0.5362,0.5774
0.1522,0.4926,0.2269,0.2493,0.2444,0.1866,0.5198,60.04,0.7752,0.6798,0.0086,0.2619,0.4802
0.0551,0.3355,0.1192,0.2237,0.3937,0.1078,0.4841,63.43,0.6101,0.6432,0.0005,0.6846,0.5159
0.1217,0.4566,0.1197,0.2581,0.3469,0.1784,0.4024,43.53,0.7384,0.6609,0.0008,0.6533,0.5976
0.1258,0.4874,0.1465,0.2185,0.3531,0.1818,0.4626,59.74,0.6629,0.6382,0.0057,0.541,0.5374
0.1948,0.4356,0.2716,0.2699,0.2315,0.213,0.5608,61.46,0.5387,0.6731,0.0034,0.2196,0.4392
0.0717,0.4326,0.1017,0.2303,0.3546,0.1332,0.498,53.1,0.5954,0.6395,0.0005,0.6378,0.502
0.1233,0.4772,0.1979,0.2947,0.4128,0.1655,0.4722,54.66,0.742,0.6745,0.0004,0.5439,0.5278
0.1801,0.4898,0.1994,0.2974,0.4366,0.2081,0.3909,58.62,0.7109,0.6747,0.0073,0.6081,0.6091
0.2525,0.5344,0.2936,0.3747,0.4726,0.2813,0.4694,49.65,0.8787,0.7395,0.0098,0.5,0.5306
0.193,0.5261,0.2333,0.3365,0.4113,0.2475,0.4822,57.71,0.8228,0.7063,0.0005,0.4885,0.5178
0.1366,0.4571,0.1917,0.2349,0.2383,0.166,0.512,68.6,0.4803,0.6658,0.0004,0.292,0.488
0.2521,0.5815,0.262,0.3108,0.4765,0.2926,0.4462,57.91,0.9019,0.6993,0.0069,0.482,0.5538
0.3294,0.631,0.4032,0.4171,0.6202,0.3497,0.4104,57.91,0.8751,0.7578,0.0062,0.4392,0.5896
0.2949,0.6117,0.3317,0.3544,0.49,0.3304,0.4549,57.61,0.8554,0.7507,0.0083,0.4532,0.5451
0.0633,0.2905,0.1156,0.1959,0.3404,0.0911,0.437,54.66,0.8059,0.6684,0.001,0.7832,0.563
0.1857,0.5745,0.2398,0.2981,0.4876,0.2366,0.4606,60.04,0.7589,0.6875,0.0115,0.5328,0.5394
0.1338,0.477,0.1635,0.2493,0.4121,0.1769,0.4506,51.07,0.9047,0.6726,0.0008,0.6187,0.5494
0.2234,0.5632,0.2717,0.3621,0.233,0.2525,0.5458,58.01,0.8657,0.725,0.0011,0.1992,0.4542
0.2901,0.5632,0.2878,0.3294,0.464,0.3161,0.4466,51.18,0.6775,0.6856,0.0005,0.5,0.5534
0.284,0.5897,0.3041,0.3846,0.5266,0.3126,0.4263,49.86,0.8336,0.7388,0.0363,0.4722,0.5737
0.3749,0.6613,0.4397,0.432,0.5725,0.3949,0.4859,55.68,0.9153,0.7939,0.0078,0.3438,0.5141
0.3427,0.6335,0.3632,0.3979,0.2184,0.3697,0.5141,51.07,0.8146,0.7619,0.0014,0.1566,0.4859
0.0376,0.3533,0.0573,0.1766,0.2846,0.1014,0.5,57.61,0.7304,0.6396,0.0058,0.6774,0.5
0.2798,0.5496,0.3476,0.3343,0.5471,0.302,0.494,57.81,0.6418,0.7157,0.0044,0.4683,0.506
0.0813,0.403,0.0827,0.2164,0.3156,0.1336,0.4044,62.58,0.5748,0.6491,0.0188,0.6881,0.5956
0.2313,0.528,0.3312,0.354,0.2712,0.2465,0.5418,62.48,0.8046,0.7036,0.0004,0.2351,0.4582
0.1198,0.4555,0.1505,0.2349,0.1881,0.1602,0.5318,67.28,0.8583,0.6629,0.0004,0.2409,0.4682
0.1578,0.4551,0.2169,0.2994,0.2226,0.1832,0.5079,54.42,0.7525,0.6765,0.0022,0.2913,0.4921
0.0458,0.4239,0.0874,0.2011,0.1635,0.1262,0.549,53.31,0.717,0.5848,0.0006,0.2824,0.451
0.0949,0.2956,0.0785,0.1561,0.244,0.155,0.3966,58.72,0.7433,0.5652,0.0007,0.6296,0.6034
0.0397,0.331,0.0709,0.2042,0.3041,0.0705,0.4059,58.82,0.5679,0.6151,0.0015,0.7817,0.5941
0.2858,0.6339,0.3516,0.4208,0.5669,0.3189,0.468,51.68,0.7914,0.7529,0.0013,0.406,0.532
0.1635,0.4985,0.2388,0.3027,0.2012,0.2014,0.5737,53.81,0.7116,0.6421,0.0004,0.1833,0.4263
0.253,0.5714,0.2818,0.3127,0.5021,0.2812,0.5,49.55,0.8034,0.6992,0.0013,0.4724,0.5
0.209,0.5279,0.2596,0.3343,0.5424,0.2415,0.4821,62.27,0.7366,0.735,0.0046,0.5385,0.5179
0.1762,0.4437,0.2533,0.3113,0.454,0.1993,0.5,62.85,0.7559,0.6495,0.0014,0.5575,0.5
0.2434,0.4595,0.3127,0.343,0.5445,0.2525,0.4741,60.04,0.789,0.7249,0.0023,0.553,0.5259
0.2276,0.461,0.2941,0.3312,0.2346,0.2392,0.5779,41.9,0.6619,0.6238,0.0039,0.1803,0.4221
0.1454,0.3915,0.1744,0.2349,0.1548,0.1715,0.5785,52.19,0.8226,0.5572,0.0017,0.2355,0.4215
0.2677,0.6135,0.2816,0.3527,0.4524,0.3099,0.452,60.24,0.7804,0.7099,0.0006,0.4453,0.548
0.2908,0.5576,0.3019,0.4182,0.4771,0.3114,0.4246,51.68,0.8351,0.7288,0.0016,0.5172,0.5754
0.1404,0.4906,0.1897,0.2911,0.4244,0.1917,0.4597,53.92,0.6827,0.6918,0.0012,0.5821,0.5403
0.3302,0.6253,0.3688,0.4393,0.5852,0.3551,0.468,61.77,0.8228,0.7387,0.0009,0.4135,0.532
0.3487,0.6202,0.3636,0.3876,0.5311,0.3668,0.4822,53.51,0.8724,0.7357,0.0012,0.3969,0.5178
0.0978,0.4556,0.1453,0.2222,0.1462,0.1408,0.544,60.24,0.4114,0.6156,0.0007,0.284,0.456
0.165,0.5232,0.2533,0.2583,0.4299,0.2016,0.4583,66.07,0.7169,0.6604,0.0005,0.547,0.5417
0.3406,0.5799,0.3538,0.4121,0.5238,0.3639,0.3442,44.75,0.8698,0.5033,0.0062,0.4158,0.6558
0.2289,0.585,0.2913,0.3565,0.5826,0.2658,0.4453,51.78,0.6879,0.7334,0.0279,0.4891,0.5547
0.1002,0.3656,0.1733,0.2867,0.4155,0.12,0.4232,57.0,0.7672,0.6694,0.0013,0.7122,0.5768
0.0957,0.3681,0.1888,0.2847,0.4378,0.1162,0.4177,49.65,0.6627,0.6957,0.0085,0.7241,0.5823
0.1753,0.4483,0.2197,0.3276,0.4477,0.2022,0.44,54.97,0.8372,0.7147,0.0066,0.6214,0.56
0.1557,0.5038,0.1722,0.2771,0.4061,0.2036,0.4524,49.75,0.6482,0.6869,0.0004,0.5652,0.5476
0.2459,0.5422,0.3091,0.2651,0.2829,0.2655,0.5179,46.17,0.5976,0.7025,0.014,0.2032,0.4821
0.2524,0.5401,0.3701,0.3798,0.2591,0.2716,0.54,61.46,0.8923,0.69,0.0007,0.196,0.46
0.1626,0.4667,0.2256,0.3152,0.4392,0.1891,0.448,54.73,0.8171,0.7073,0.0027,0.6087,0.552
0.1675,0.504,0.1995,0.2949,0.4141,0.2137,0.4822,68.2,0.7651,0.6859,0.0107,0.5802,0.5178
0.1086,0.4712,0.1316,0.2251,0.3589,0.1633,0.4622,55.58,0.6256,0.6639,0.0021,0.6074,0.5378
0.2988,0.6532,0.3593,0.3771,0.3004,0.3223,0.5158,60.75,0.8307,0.7302,0.0003,0.1765,0.4842
0.2164,0.5365,0.288,0.3438,0.406,0.2535,0.4718,51.72,0.8021,0.7357,0.009,0.5038,0.5282
0.046,0.4044,0.0659,0.1967,0.3256,0.1237,0.4274,60.24,0.5843,0.6327,0.0076,0.6761,0.5726
0.3349,0.4796,0.3052,0.33,0.4523,0.3561,0.4739,48.84,0.8773,0.6095,0.0037,0.3471,0.5261
0.2271,0.5477,0.2424,0.3216,0.4507,0.2648,0.413,69.01,0.6555,0.7123,0.0176,0.531,0.587
0.1457,0.4838,0.2018,0.3127,0.4662,0.1846,0.4879,53.21,0.7701,0.6921,0.0062,0.5512,0.5121
0.2549,0.5928,0.3064,0.3601,0.5589,0.2909,0.498,55.13,0.858,0.7231,0.0055,0.432,0.502
0.1846,0.4087,0.243,0.3158,0.1982,0.1956,0.5794,31.2997,0.6967,0.6233,0.0018,0.2302,0.4206
0.2051,0.4665,0.2894,0.3131,0.2332,0.2203,0.52,63.49,0.7333,0.6811,0.0098,0.256,0.48
0.2282,0.4699,0.297,0.2952,0.2312,0.2445,0.506,62.07,0.4811,0.672,0.0016,0.2789,0.494
0.4125,0.6809,0.4561,0.4539,0.5941,0.4332,0.4766,54.46,0.9257,0.797,0.001,0.3507,0.5234
0.2228,0.5693,0.2637,0.3119,0.4522,0.2626,0.494,60.04,0.8621,0.6759,0.0059,0.4444,0.506
0.3278,0.6327,0.3989,0.445,0.5529,0.3448,0.4758,58.21,0.8693,0.7453,0.0062,0.3846,0.5242
0.2902,0.611,0.3202,0.3185,0.5024,0.3151,0.4427,57.81,0.8186,0.7342,0.0013,0.4681,0.5573
0.2312,0.5171,0.3197,0.3738,0.5952,0.2455,0.4701,58.21,0.844,0.7546,0.0005,0.5263,0.5299
0.1763,0.5,0.226,0.309,0.4421,0.2114,0.4343,47.12,0.6608,0.6951,0.0004,0.6127,0.5657
0.1903,0.4984,0.2571,0.2617,0.4912,0.213,0.4839,68.6,0.7388,0.7004,0.006,0.5547,0.5161
0.1558,0.472,0.2125,0.2857,0.4832,0.1781,0.496,68.6,0.7549,0.6747,0.0006,0.5952,0.504
0.2,0.4921,0.2984,0.3218,0.2789,0.2212,0.506,58.11,0.7696,0.7052,0.0043,0.253,0.494
0.2312,0.6037,0.285,0.3097,0.4775,0.2686,0.464,61.56,0.7123,0.7146,0.0018,0.4851,0.536
0.2035,0.5241,0.2312,0.2995,0.4236,0.2375,0.4422,60.14,0.755,0.6887,0.0021,0.5214,0.5578
0.3242,0.5416,0.372,0.2842,0.5149,0.3397,0.4821,57.61,0.7346,0.7209,0.0019,0.4462,0.5179
0.2947,0.5266,0.3606,0.3978,0.2429,0.3074,0.5159,65.86,0.8112,0.7399,0.001,0.2262,0.4841
0.0613,0.4709,0.1292,0.2324,0.3939,0.1168,0.4094,58.21,0.7634,0.6803,0.0005,0.68,0.5906
0.1897,0.5344,0.2394,0.3069,0.4442,0.2385,0.4762,60.45,0.8753,0.7113,0.0009,0.5379,0.5238
0.1232,0.4896,0.1675,0.2448,0.3995,0.1779,0.4506,54.86,0.8382,0.6734,0.0093,0.6043,0.5494
0.1803,0.5082,0.2308,0.3005,0.2239,0.211,0.5333,57.81,0.6588,0.6597,0.0003,0.251,0.4667
0.1964,0.541,0.2813,0.3343,0.5173,0.2322,0.4615,50.67,0.8405,0.7205,0.0019,0.5113,0.5385
0.2335,0.521,0.2366,0.3081,0.4626,0.2597,0.3927,55.88,0.8356,0.713,0.0037,0.5933,0.6073
0.1821,0.4671,0.2384,0.2368,0.5067,0.1992,0.5,63.59,0.7874,0.6861,0.0006,0.544,0.5
0.1847,0.4204,0.2179,0.293,0.4816,0.1998,0.4486,50.46,0.739,0.6569,0.0019,0.6418,0.5514
0.2045,0.477,0.2486,0.3333,0.4851,0.2254,0.492,67.89,0.8264,0.6856,0.0119,0.5433,0.508
0.309,0.5851,0.3036,0.3597,0.4481,0.3356,0.4449,55.88,0.8445,0.7071,0.0018,0.4894,0.5551
0.251,0.512,0.2949,0.384,0.4373,0.2768,0.4859,66.37,0.8139,0.7222,0.0173,0.5078,0.5141
0.1011,0.3787,0.131,0.2367,0.3399,0.1327,0.4921,51.28,0.6163,0.6336,0.0065,0.7109,0.5079
0.3326,0.573,0.3767,0.3912,0.5092,0.3497,0.4701,57.91,0.8687,0.7311,0.0392,0.4662,0.5299
0.1791,0.4745,0.2296,0.3123,0.4688,0.2076,0.4675,60.14,0.7765,0.6775,0.0061,0.5725,0.5325
0.1464,0.5079,0.1915,0.2751,0.3921,0.1965,0.4414,58.21,0.7017,0.7202,0.0012,0.5664,0.5586
0.1729,0.4955,0.2162,0.2866,0.4215,0.201,0.494,62.07,0.6612,0.6938,0.0022,0.5556,0.506
0.2652,0.5648,0.2812,0.3523,0.5234,0.2952,0.4466,57.91,0.8812,0.7176,0.0086,0.4857,0.5534
0.0693,0.4875,0.1337,0.2161,0.2053,0.1434,0.5156,59.74,0.5089,0.6143,0.0006,0.2969,0.4844
0.3245,0.6097,0.384,0.3305,0.62,0.3363,0.4706,59.74,0.6388,0.7532,0.0057,0.4222,0.5294
0.0721,0.3409,0.0572,0.1578,0.2461,0.1289,0.3922,60.99,0.6994,0.4057,0.0048,0.6452,0.6078
0.2352,0.4988,0.2313,0.2878,0.3784,0.2665,0.4762,61.87,0.6862,0.6985,0.0026,0.553,0.5238
0.2484,0.4884,0.299,0.3696,0.2302,0.2616,0.5242,58.92,0.5559,0.6459,0.0004,0.2335,0.4758
0.3129,0.5466,0.4125,0.441,0.5897,0.3186,0.4542,60.35,0.7452,0.7427,0.0016,0.5036,0.5458
0.1327,0.4403,0.1772,0.2075,0.209,0.167,0.5455,60.85,0.401,0.6347,0.0005,0.2569,0.4545
0.3232,0.6271,0.4602,0.5141,0.3009,0.3377,0.5139,58.11,0.8644,0.7723,0.0006,0.1833,0.4861
0.2602,0.5181,0.3515,0.3795,0.511,0.2738,0.496,60.24,0.7677,0.7357,0.0006,0.504,0.504
0.2462,0.5281,0.3051,0.3483,0.2383,0.2686,0.524,52.02,0.8209,0.7264,0.0079,0.232,0.476
0.4061,0.6897,0.4208,0.4729,0.5594,0.4294,0.4919,58.42,0.9307,0.7898,0.011,0.288,0.5081
0.1235,0.4101,0.1356,0.2135,0.348,0.1509,0.3625,44.03,0.8096,0.6569,0.0083,0.6667,0.6375
0.1438,0.4601,0.2099,0.2577,0.4865,0.1766,0.4762,61.67,0.7598,0.6545,0.0004,0.5758,0.5238
0.2781,0.5523,0.345,0.436,0.5252,0.2974,0.4777,52.8,0.7925,0.7413,0.007,0.4806,0.5223
0.1947,0.5247,0.2141,0.2494,0.4357,0.2384,0.498,52.19,0.6321,0.6482,0.0004,0.496,0.502
0.2165,0.5788,0.2742,0.3059,0.392,0.2721,0.449,57.91,0.6482,0.689,0.0065,0.4889,0.551
0.1261,0.4655,0.1503,0.2529,0.178,0.1701,0.5223,59.53,0.7124,0.6225,0.0319,0.2794,0.4777
0.2802,0.5777,0.3288,0.376,0.5148,0.2996,0.4675,58.52,0.8784,0.7426,0.0209,0.4885,0.5325
0.1583,0.5229,0.2168,0.2534,0.4125,0.2114,0.4781,58.01,0.8194,0.6899,0.0024,0.5496,0.5219
0.2689,0.547,0.3209,0.3248,0.5166,0.2866,0.4303,58.21,0.7044,0.7374,0.0008,0.5594,0.5697
0.1963,0.5499,0.2152,0.3114,0.4109,0.2505,0.4618,58.32,0.8237,0.7021,0.0089,0.5448,0.5382
0.2529,0.5653,0.3425,0.3222,0.2279,0.2725,0.5657,62.68,0.862,0.718,0.0006,0.1793,0.4343
0.263,0.56,0.3271,0.4053,0.4328,0.2859,0.4766,55.27,0.6258,0.7315,0.0006,0.5448,0.5234
0.1577,0.4859,0.1932,0.2825,0.4421,0.1869,0.4498,60.14,0.7883,0.6442,0.0412,0.6277,0.5502
0.1032,0.3345,0.1825,0.2509,0.3815,0.1178,0.4603,59.84,0.741,0.6831,0.0016,0.7059,0.5397
0.2905,0.5558,0.3238,0.4,0.4971,0.3114,0.4841,49.86,0.8378,0.708,0.0077,0.4462,0.5159
0.0544,0.3881,0.0721,0.203,0.1619,0.1036,0.54,60.55,0.7052,0.5922,0.0013,0.304,0.46
0.2626,0.573,0.3051,0.3708,0.5809,0.2851,0.4291,57.71,0.8112,0.7306,0.012,0.5319,0.5709
0.2746,0.5768,0.3035,0.3396,0.2907,0.2986,0.51,57.5,0.7997,0.7201,0.0008,0.2151,0.49
0.192,0.4365,0.2222,0.2707,0.4007,0.2182,0.4137,44.78,0.7586,0.6791,0.0674,0.5959,0.5863
0.2814,0.5656,0.3411,0.3805,0.4481,0.3002,0.4783,58.32,0.7995,0.7053,0.0063,0.4773,0.5217
0.1359,0.4309,0.1812,0.2765,0.4772,0.1607,0.4286,62.78,0.7618,0.6987,0.001,0.6319,0.5714
0.3313,0.6702,0.3684,0.4136,0.5533,0.3603,0.4841,60.45,0.8905,0.7836,0.001,0.3846,0.5159
0.2546,0.5246,0.2857,0.3279,0.2339,0.2725,0.502,51.68,0.8064,0.6587,0.0056,0.2629,0.498
0.2649,0.5737,0.2698,0.3842,0.2302,0.2946,0.506,56.18,0.9085,0.7138,0.0058,0.2191,0.494
0.1127,0.4724,0.1636,0.2625,0.3839,0.172,0.4387,59.74,0.6664,0.6775,0.0022,0.6127,0.5613
0.2665,0.5537,0.2689,0.4039,0.4998,0.311,0.3883,59.84,0.8409,0.707,0.0007,0.4435,0.6117
0.1846,0.4912,0.2529,0.3333,0.5069,0.2089,0.4882,51.18,0.8422,0.6912,0.0027,0.5538,0.5118
0.1777,0.5275,0.2449,0.3188,0.4496,0.2188,0.4348,51.62,0.8062,0.6808,0.004,0.5846,0.5652
0.3179,0.5812,0.3789,0.3403,0.4762,0.337,0.464,59.74,0.7782,0.7179,0.0008,0.4478,0.536
0.1707,0.454,0.2346,0.3129,0.2327,0.1922,0.516,60.04,0.6026,0.6733,0.0005,0.28,0.484
0.1734,0.5199,0.2338,0.3119,0.5035,0.202,0.4699,53.92,0.6535,0.7258,0.0005,0.5379,0.5301
0.1092,0.4472,0.2063,0.2919,0.4552,0.1383,0.498,66.37,0.5947,0.6708,0.0006,0.627,0.502
0.2518,0.5854,0.3161,0.3577,0.5047,0.2794,0.4802,58.52,0.684,0.7233,0.001,0.4656,0.5198
0.1891,0.4828,0.2312,0.2701,0.2035,0.2146,0.5397,57.81,0.6688,0.6732,0.0031,0.2222,0.4603
0.1875,0.5152,0.2744,0.3394,0.5161,0.2109,0.4961,64.3,0.8103,0.7308,0.0009,0.5312,0.5039
0.2522,0.5706,0.3352,0.3842,0.5614,0.2734,0.4466,57.4,0.7269,0.7257,0.0044,0.5,0.5534
0.3057,0.5829,0.3333,0.369,0.5092,0.3266,0.4798,50.16,0.7106,0.722,0.0099,0.4186,0.5202
0.1547,0.4592,0.2067,0.284,0.2367,0.1824,0.5219,55.78,0.7701,0.6475,0.0005,0.2669,0.4781
0.2862,0.5858,0.3342,0.3799,0.5088,0.3114,0.4246,49.65,0.8217,0.7215,0.0015,0.4897,0.5754
0.1561,0.4779,0.1899,0.295,0.426,0.1894,0.4777,58.01,0.6142,0.6482,0.0066,0.5581,0.5223
0.2103,0.5123,0.3106,0.2901,0.2522,0.2297,0.5118,63.49,0.6925,0.7187,0.0054,0.2756,0.4882
0.33,0.6085,0.3509,0.3591,0.2441,0.3519,0.502,63.63,0.7806,0.738,0.0013,0.1858,0.498
0.2896,0.5662,0.3081,0.2753,0.4715,0.3154,0.4484,58.21,0.8194,0.6861,0.002,0.4892,0.5516
0.2384,0.531,0.2444,0.3524,0.4013,0.2667,0.4177,55.78,0.5558,0.7087,0.0186,0.5724,0.5823
0.2256,0.5995,0.2961,0.3049,0.4998,0.2718,0.4194,60.35,0.7638,0.7294,0.0015,0.4861,0.5806
0.1841,0.5,0.2484,0.2654,0.2353,0.2134,0.5299,47.93,0.5484,0.7099,0.0016,0.251,0.4701
0.2469,0.5109,0.2732,0.2989,0.533,0.2702,0.4627,67.79,0.759,0.7091,0.0116,0.5474,0.5373
0.2806,0.6431,0.3562,0.3869,0.5787,0.3084,0.4325,60.14,0.8762,0.7561,0.037,0.4406,0.5675
0.2451,0.5108,0.2899,0.3237,0.2017,0.26,0.554,70.67,0.8533,0.6491,0.0036,0.1878,0.446
0.2724,0.5938,0.2932,0.4115,0.4853,0.301,0.4409,55.17,0.8384,0.7026,0.0089,0.5,0.5591
0.2869,0.5868,0.3614,0.4251,0.5837,0.3027,0.444,64.85,0.802,0.7374,0.0005,0.4925,0.556
0.2904,0.5691,0.3222,0.3646,0.4802,0.3101,0.4378,49.55,0.8272,0.7168,0.0103,0.5071,0.5622
0.262,0.586,0.3081,0.3602,0.222,0.288,0.502,49.65,0.8344,0.7216,0.0009,0.2235,0.498
0.1963,0.5127,0.2803,0.3608,0.5212,0.217,0.4839,54.22,0.7637,0.7151,0.0029,0.5391,0.5161
0.3084,0.6087,0.3445,0.3887,0.4891,0.3384,0.4418,55.88,0.7677,0.7707,0.0045,0.4532,0.5582
0.2409,0.5621,0.3155,0.3846,0.5415,0.2665,0.4343,68.81,0.7704,0.7541,0.0093,0.5282,0.5657
0.161,0.4179,0.1862,0.2746,0.2259,0.1889,0.502,63.09,0.6181,0.6709,0.0051,0.3004,0.498
0.262,0.5591,0.2973,0.3602,0.5237,0.288,0.4476,58.32,0.8137,0.7101,0.0011,0.4745,0.5524
0.3009,0.5781,0.3455,0.4115,0.513,0.3192,0.4739,57.91,0.9261,0.7373,0.0125,0.4504,0.5261
0.1448,0.4281,0.1908,0.2385,0.1847,0.1657,0.5373,53.71,0.6585,0.6286,0.0005,0.2824,0.4627
0.0616,0.3862,0.0696,0.1787,0.2813,0.1242,0.4895,77.98,0.6781,0.5928,0.0007,0.6694,0.5105
0.176,0.547,0.235,0.3419,0.4515,0.2126,0.4802,48.03,0.8048,0.7019,0.0055,0.5344,0.5198
0.2282,0.4938,0.2547,0.3395,0.233,0.2425,0.5339,62.38,0.8735,0.688,0.0006,0.2351,0.4661
0.3892,0.6418,0.4207,0.4814,0.5626,0.4027,0.4222,58.42,0.792,0.7373,0.0047,0.4462,0.5778
0.1398,0.4714,0.1531,0.2476,0.1804,0.1954,0.502,53.0,0.7862,0.6182,0.0256,0.2789,0.498
0.3793,0.638,0.4224,0.5013,0.5696,0.3978,0.4661,57.61,0.7982,0.7485,0.1915,0.4104,0.5339
0.1169,0.4265,0.1507,0.2767,0.4039,0.1471,0.4625,54.86,0.6376,0.6845,0.0004,0.6471,0.5375
0.2883,0.6,0.3296,0.3833,0.4843,0.3109,0.437,60.55,0.7965,0.7492,0.0013,0.4545,0.563
0.2089,0.4474,0.2781,0.3684,0.4712,0.22,0.4727,58.01,0.7012,0.7453,0.0647,0.5778,0.5273
0.1647,0.482,0.1838,0.2438,0.4263,0.2024,0.4382,61.67,0.7317,0.6726,0.0011,0.6312,0.5618
0.1279,0.4084,0.1692,0.2162,0.3809,0.16,0.476,57.91,0.6373,0.674,0.0097,0.6107,0.524
0.2618,0.4635,0.3642,0.3492,0.6052,0.2665,0.4802,61.56,0.8261,0.7231,0.0006,0.5573,0.5198
0.3401,0.6667,0.4156,0.3411,0.6049,0.3608,0.4585,63.43,0.8618,0.7502,0.0079,0.4307,0.5415
0.2294,0.5105,0.3021,0.3483,0.5178,0.2446,0.4409,51.68,0.7717,0.7105,0.0007,0.5845,0.5591
0.2925,0.5758,0.4024,0.4303,0.3195,0.3026,0.5234,61.67,0.7978,0.7209,0.001,0.207,0.4766
0.1698,0.5356,0.212,0.302,0.4869,0.2097,0.4348,58.32,0.824,0.7082,0.0064,0.5664,0.5652
0.2262,0.6354,0.3491,0.4043,0.2056,0.2485,0.5976,28.3096,0.84,0.6249,0.0104,0.1474,0.4024
0.3024,0.5514,0.3533,0.4378,0.531,0.3212,0.4779,63.83,0.8543,0.7168,0.0004,0.4231,0.5221
0.126,0.531,0.2679,0.3717,0.2177,0.1468,0.5551,26.3859,0.6738,0.5796,0.0161,0.2449,0.4449
0.3129,0.6329,0.3204,0.4348,0.4395,0.3476,0.4268,60.75,0.8678,0.7503,0.0266,0.4468,0.5732
0.195,0.4695,0.2718,0.2958,0.6169,0.213,0.4194,47.42,0.6503,0.7329,0.0039,0.6042,0.5806
0.1924,0.5016,0.2589,0.328,0.5397,0.2144,0.498,52.19,0.6869,0.7045,0.0009,0.5476,0.502
0.1419,0.4821,0.1836,0.2476,0.4198,0.1757,0.4871,50.16,0.6574,0.6591,0.0004,0.6134,0.5129
0.3228,0.6089,0.4045,0.4581,0.2865,0.3347,0.51,59.74,0.7274,0.7281,0.0008,0.2231,0.49
0.1977,0.5412,0.2544,0.2471,0.444,0.2341,0.4122,61.36,0.7764,0.7147,0.0254,0.5625,0.5878
0.3202,0.5684,0.3122,0.4053,0.4879,0.343,0.4402,57.0,0.7569,0.7384,0.0225,0.4809,0.5598
0.218,0.5483,0.2415,0.3029,0.4506,0.2575,0.4603,53.41,0.8414,0.7151,0.0016,0.4853,0.5397
0.3366,0.5974,0.3655,0.4052,0.26,0.3556,0.51,49.65,0.7646,0.7406,0.0009,0.2008,0.49
0.2481,0.5913,0.3324,0.4174,0.2447,0.2697,0.5502,58.82,0.7884,0.6599,0.0039,0.1847,0.4498
0.1602,0.4057,0.1897,0.28,0.1865,0.1838,0.5301,56.18,0.6345,0.6399,0.004,0.2691,0.4699
0.2781,0.5946,0.3746,0.3964,0.5912,0.299,0.494,60.75,0.8696,0.7601,0.0006,0.4524,0.506
0.057,0.4444,0.1,0.1988,0.3599,0.1211,0.4435,59.64,0.6288,0.6326,0.0004,0.6692,0.5565
0.3216,0.6597,0.3655,0.426,0.5805,0.3507,0.4502,55.68,0.7916,0.7904,0.0135,0.442,0.5498
0.1643,0.525,0.2264,0.3,0.2727,0.197,0.506,60.14,0.7208,0.6842,0.0005,0.2691,0.494
0.1562,0.5281,0.2542,0.3146,0.4829,0.2084,0.4701,47.42,0.8392,0.71,0.0025,0.4812,0.5299
0.2882,0.4612,0.2325,0.3099,0.4314,0.3156,0.3475,52.39,0.7292,0.4552,0.034,0.4565,0.6525
0.299,0.5984,0.3272,0.399,0.5315,0.3241,0.4625,58.32,0.8329,0.7345,0.0102,0.4779,0.5375
0.2568,0.6143,0.4388,0.4429,0.2642,0.2677,0.5462,66.98,0.6654,0.6821,0.0007,0.1968,0.4538
0.2992,0.5714,0.3179,0.3367,0.4695,0.325,0.4466,43.97,0.8962,0.7202,0.0044,0.45,0.5534
0.0641,0.4181,0.0759,0.2065,0.1438,0.1373,0.5139,51.68,0.7298,0.5775,0.0044,0.2908,0.4861
0.0299,0.2694,0.0746,0.1818,0.3279,0.0714,0.452,51.41,0.4748,0.631,0.0088,0.7591,0.548
0.1447,0.4845,0.2125,0.2919,0.4821,0.168,0.4664,66.98,0.6132,0.6927,0.0005,0.6296,0.5336
0.2749,0.5759,0.3263,0.3979,0.4687,0.298,0.4578,58.42,0.845,0.7204,0.0025,0.4889,0.5422
0.2891,0.6034,0.3237,0.3678,0.4492,0.3164,0.4163,51.38,0.8843,0.7061,0.014,0.5074,0.5837
0.2397,0.5015,0.2991,0.3715,0.5234,0.2555,0.4502,60.14,0.609,0.7205,0.0008,0.529,0.5498
0.2195,0.5707,0.2842,0.2984,0.5306,0.2554,0.4843,54.76,0.5914,0.7182,0.0004,0.4885,0.5157
0.2358,0.5291,0.3041,0.3605,0.2238,0.2625,0.5936,33.6451,0.8096,0.6677,0.0005,0.1235,0.4064
0.218,0.5479,0.2246,0.3085,0.47,0.2565,0.4625,71.34,0.8301,0.7109,0.0006,0.5147,0.5375
0.2046,0.5455,0.2335,0.2929,0.4115,0.2515,0.4683,66.17,0.7952,0.6995,0.0007,0.5224,0.5317
0.2856,0.5803,0.3385,0.4249,0.4721,0.3094,0.4921,60.35,0.848,0.7218,0.0013,0.4688,0.5079
0.2067,0.5031,0.25,0.3416,0.4434,0.2273,0.4297,71.85,0.7811,0.7381,0.0022,0.5915,0.5703
0.2224,0.573,0.2663,0.3459,0.4467,0.2596,0.464,60.14,0.8272,0.748,0.0025,0.4701,0.536
0.2211,0.5228,0.318,0.3587,0.5723,0.2424,0.4699,70.33,0.6899,0.7459,0.0007,0.4924,0.5301
0.2044,0.5239,0.2776,0.3042,0.465,0.2323,0.4819,60.24,0.7492,0.697,0.0009,0.5349,0.5181
0.1565,0.4518,0.2061,0.2349,0.2169,0.1871,0.52,61.97,0.6978,0.659,0.0137,0.28,0.48
0.2294,0.5745,0.2779,0.3469,0.4821,0.2635,0.4563,53.0,0.7587,0.7256,0.0075,0.5036,0.5437
0.1923,0.5615,0.2473,0.246,0.3902,0.2326,0.498,57.06,0.7571,0.67,0.0025,0.5276,0.502
0.1742,0.5481,0.2985,0.3333,0.1992,0.1964,0.5737,62.07,0.7964,0.6727,0.0005,0.1992,0.4263
0.2003,0.4508,0.2875,0.2921,0.2303,0.2127,0.5336,49.86,0.7512,0.6673,0.0006,0.249,0.4664
0.0727,0.4309,0.0833,0.1989,0.2985,0.1361,0.412,61.97,0.8342,0.6098,0.0048,0.6788,0.588
0.3045,0.5864,0.3526,0.3927,0.5255,0.3253,0.4841,63.02,0.8121,0.7305,0.0006,0.4385,0.5159
0.3278,0.5882,0.3763,0.3743,0.2717,0.3443,0.5079,58.32,0.8838,0.7224,0.0032,0.1905,0.4921
0.2496,0.5743,0.2786,0.3465,0.4884,0.2843,0.4704,66.27,0.6461,0.7275,0.0077,0.4478,0.5296
0.2443,0.5572,0.3068,0.305,0.2298,0.2657,0.5502,54.02,0.905,0.7223,0.0036,0.1968,0.4498
0.2151,0.4583,0.2515,0.2738,0.4799,0.2352,0.4737,63.7,0.6194,0.6691,0.0005,0.5923,0.5263
0.336,0.6571,0.3636,0.281,0.4873,0.3703,0.4528,57.81,0.8074,0.7483,0.0061,0.3741,0.5472
0.1463,0.5333,0.212,0.3018,0.5079,0.1844,0.5,54.46,0.6949,0.6517,0.0009,0.5431,0.5
0.1935,0.5412,0.2485,0.2529,0.4989,0.2242,0.4137,51.78,0.8307,0.7218,0.0015,0.6027,0.5863
0.2664,0.5657,0.3161,0.3371,0.5053,0.2902,0.413,53.21,0.7801,0.7125,0.0063,0.5379,0.587
0.1954,0.5244,0.2638,0.3354,0.2365,0.2234,0.5299,62.27,0.8067,0.7247,0.0048,0.2191,0.4701
0.2496,0.5413,0.3037,0.4103,0.2301,0.2723,0.5514,64.0,0.7915,0.5894,0.3051,0.1893,0.4486
0.236,0.5722,0.2906,0.3739,0.1742,0.2662,0.5458,54.97,0.8424,0.6351,0.0056,0.1875,0.4542
0.2721,0.5573,0.3246,0.3646,0.4797,0.2958,0.472,60.24,0.7932,0.7064,0.003,0.4848,0.528
0.2159,0.6027,0.2895,0.368,0.4843,0.2606,0.448,60.14,0.6989,0.7003,0.005,0.471,0.552
0.1689,0.4955,0.2222,0.3164,0.4882,0.2018,0.4269,51.68,0.6726,0.6993,0.0008,0.5931,0.5731
0.1306,0.4859,0.1648,0.2712,0.4086,0.168,0.46,66.67,0.74,0.6719,0.0011,0.6,0.54
0.1868,0.465,0.2179,0.3248,0.2344,0.2054,0.5458,61.87,0.592,0.6439,0.0102,0.247,0.4542
0.3879,0.6873,0.426,0.5116,0.6241,0.4051,0.4618,49.45,0.8905,0.7777,0.0005,0.3582,0.5382
0.2044,0.5,0.2575,0.2976,0.2229,0.2255,0.5595,52.29,0.8457,0.6739,0.0004,0.2143,0.4405
0.1152,0.5147,0.2,0.2868,0.4444,0.1698,0.3767,57.61,0.7099,0.635,0.0009,0.5821,0.6233
0.1567,0.4556,0.1786,0.2663,0.4032,0.183,0.405,60.55,0.4886,0.6983,0.0084,0.5972,0.595
0.2195,0.4937,0.3019,0.3625,0.2805,0.2364,0.512,61.87,0.7361,0.6993,0.001,0.244,0.488
0.1587,0.4862,0.2291,0.32,0.2408,0.1859,0.5221,53.51,0.6534,0.6803,0.0004,0.257,0.4779
0.3729,0.6571,0.5,0.4686,0.2796,0.3822,0.5198,58.11,0.8958,0.7845,0.002,0.1865,0.4802
0.1325,0.429,0.1993,0.2442,0.2063,0.1577,0.5317,62.17,0.5763,0.6788,0.0006,0.2698,0.4683
0.1747,0.4345,0.2444,0.345,0.5098,0.1902,0.4878,59.74,0.5824,0.6492,0.0005,0.5952,0.5122
0.1596,0.5475,0.2135,0.257,0.4474,0.203,0.4217,55.88,0.87,0.708,0.0081,0.5417,0.5783
0.2319,0.5556,0.3176,0.3918,0.2399,0.2585,0.5873,26.3587,0.5054,0.6657,0.0003,0.1746,0.4127
0.2672,0.5325,0.3614,0.3839,0.2834,0.2773,0.5099,60.35,0.7602,0.7244,0.0007,0.2372,0.4901
0.2828,0.5895,0.3435,0.3747,0.5151,0.3024,0.4656,53.71,0.7444,0.7143,0.0035,0.447,0.5344
0.1607,0.4962,0.1781,0.2481,0.1887,0.2133,0.512,67.18,0.7148,0.6724,0.0018,0.264,0.488
0.2807,0.535,0.3486,0.4438,0.2572,0.2919,0.5703,51.99,0.7289,0.7033,0.0004,0.1647,0.4297
0.1985,0.5248,0.2229,0.2682,0.4813,0.2264,0.436,56.05,0.7943,0.6709,0.009,0.5532,0.564
0.2014,0.4965,0.2887,0.3217,0.2102,0.2202,0.567,60.65,0.6199,0.6539,0.0004,0.1875,0.433
0.2266,0.557,0.288,0.2971,0.4958,0.2595,0.4661,65.96,0.7827,0.7093,0.0051,0.5299,0.5339
0.0987,0.3389,0.1405,0.2326,0.4008,0.1212,0.494,51.18,0.4508,0.6357,0.0039,0.6772,0.506
0.1473,0.5053,0.164,0.2,0.4016,0.198,0.4378,49.65,0.7407,0.6409,0.0006,0.55,0.5622
0.1165,0.4276,0.1722,0.2829,0.2207,0.1564,0.5126,58.32,0.7538,0.6686,0.0004,0.3025,0.4874
0.2584,0.5185,0.3381,0.359,0.2345,0.2723,0.5512,61.16,0.6509,0.6785,0.009,0.2047,0.4488
0.0387,0.3077,0.101,0.1873,0.3703,0.0838,0.4127,51.62,0.6142,0.6615,0.022,0.7568,0.5873
0.1393,0.4962,0.1846,0.3359,0.4205,0.1701,0.4612,62.48,0.7259,0.6085,0.0015,0.6017,0.5388
0.3048,0.6446,0.3657,0.3747,0.5822,0.326,0.4308,58.01,0.8785,0.7403,0.0006,0.4514,0.5692
0.3181,0.6076,0.3461,0.3797,0.4787,0.341,0.468,55.78,0.8825,0.7056,0.0008,0.4361,0.532
0.2208,0.5383,0.2134,0.3012,0.4188,0.2685,0.4502,59.94,0.9087,0.689,0.0046,0.4928,0.5498
0.331,0.665,0.3827,0.3959,0.5657,0.3627,0.4422,46.81,0.8793,0.7697,0.0015,0.4429,0.5578
0.194,0.5562,0.2798,0.3254,0.2188,0.2263,0.51,60.35,0.8377,0.7059,0.0045,0.241,0.49
0.2422,0.5125,0.2969,0.2841,0.2517,0.2635,0.5159,58.52,0.7929,0.6611,0.0126,0.25,0.4841
0.147,0.4351,0.1979,0.2456,0.1546,0.1829,0.5849,66.17,0.7222,0.6415,0.0005,0.1981,0.4151
0.166,0.425,0.2327,0.3187,0.2428,0.1842,0.5079,49.25,0.639,0.686,0.0007,0.3071,0.4921
0.2013,0.5556,0.2919,0.3827,0.5843,0.2265,0.4603,58.42,0.6326,0.7488,0.0039,0.4926,0.5397
0.2827,0.5971,0.3073,0.3883,0.491,0.3121,0.4585,60.14,0.7832,0.7037,0.0011,0.438,0.5415
0.0664,0.4899,0.1739,0.219,0.4567,0.1505,0.4458,41.19,0.6327,0.694,0.0062,0.587,0.5542
0.164,0.5655,0.2156,0.256,0.2205,0.2093,0.532,55.03,0.8767,0.6875,0.0007,0.22,0.468
0.2773,0.5174,0.3619,0.3281,0.3044,0.288,0.5137,68.81,0.7387,0.7472,0.0004,0.2431,0.4863
0.3344,0.6211,0.3704,0.3789,0.2717,0.3549,0.502,68.6,0.853,0.7252,0.0069,0.2055,0.498
0.131,0.439,0.1471,0.2276,0.3726,0.1711,0.4049,49.96,0.7573,0.6352,0.0282,0.6803,0.5951
0.1145,0.5279,0.1582,0.2437,0.4032,0.1758,0.4418,60.45,0.6069,0.672,0.0047,0.5827,0.5582
0.2894,0.6134,0.3212,0.3763,0.5219,0.3204,0.4841,58.01,0.8794,0.7228,0.0059,0.4462,0.5159
0.1683,0.4281,0.2462,0.318,0.2214,0.1896,0.5198,54.83,0.5171,0.6657,0.0012,0.2897,0.4802
0.2023,0.5046,0.2724,0.2585,0.2742,0.2309,0.5082,60.75,0.5956,0.672,0.0228,0.2582,0.4918
0.2487,0.5441,0.2582,0.3476,0.2095,0.2851,0.5157,51.38,0.7773,0.6836,0.0019,0.2244,0.4843
0.2671,0.5357,0.3832,0.3333,0.2883,0.2822,0.5079,63.29,0.9298,0.7389,0.0437,0.2205,0.4921
0.1522,0.4869,0.1684,0.2775,0.407,0.198,0.4538,54.86,0.7577,0.6792,0.0202,0.6324,0.5462
0.312,0.6138,0.3723,0.381,0.5431,0.334,0.4704,46.71,0.8381,0.7556,0.0005,0.4104,0.5296
0.0731,0.3676,0.0878,0.2056,0.3692,0.1126,0.431,59.03,0.4624,0.6478,0.0048,0.6912,0.569
0.2064,0.5394,0.2988,0.3758,0.5379,0.2313,0.4337,50.26,0.7375,0.7401,0.0057,0.5248,0.5663
0.145,0.5,0.1768,0.2473,0.4228,0.1891,0.428,60.14,0.7957,0.6829,0.0072,0.6014,0.572
0.2069,0.5415,0.2109,0.3682,0.4964,0.2424,0.3846,56.89,0.6026,0.5422,0.0032,0.5625,0.6154
0.3348,0.5556,0.3301,0.3768,0.442,0.3566,0.494,54.12,0.8773,0.7198,0.0555,0.3968,0.506
0.2503,0.5353,0.2959,0.3176,0.5296,0.2702,0.4733,55.88,0.7092,0.7036,0.001,0.4688,0.5267
0.2045,0.4737,0.2529,0.3216,0.438,0.2261,0.4615,50.26,0.8518,0.6947,0.0085,0.5865,0.5385
0.1753,0.4932,0.2234,0.2981,0.4255,0.2154,0.4382,57.3,0.7923,0.7069,0.0027,0.5603,0.5618
0.1423,0.4737,0.2,0.2865,0.2312,0.175,0.5415,54.86,0.5608,0.6449,0.0007,0.249,0.4585
0.1315,0.4014,0.2091,0.2422,0.2039,0.1517,0.5556,52.29,0.6769,0.6747,0.0005,0.2619,0.4444
0.187,0.429,0.2286,0.2902,0.457,0.2037,0.4876,53.61,0.4622,0.6771,0.0004,0.6129,0.5124
0.1884,0.4795,0.2207,0.3082,0.4831,0.2138,0.4429,62.78,0.7297,0.6646,0.0015,0.5656,0.5571
0.0719,0.4022,0.082,0.1902,0.1414,0.1263,0.5502,52.39,0.6033,0.5598,0.0079,0.2731,0.4498
0.2144,0.5534,0.2479,0.3562,0.5247,0.2515,0.4538,58.32,0.777,0.707,0.0021,0.4926,0.5462
0.2384,0.4924,0.2653,0.3299,0.4041,0.2625,0.4582,68.6,0.6456,0.697,0.0076,0.5515,0.5418
0.2709,0.5492,0.2897,0.3432,0.3927,0.3052,0.4229,57.4,0.8124,0.7062,0.0257,0.4658,0.5771
0.2527,0.5697,0.3403,0.3442,0.4907,0.2738,0.4516,52.49,0.6036,0.7385,0.0261,0.5,0.5484
0.2168,0.6076,0.2646,0.3544,0.4799,0.2706,0.432,57.91,0.7946,0.7194,0.0008,0.493,0.568
0.2902,0.5538,0.3591,0.3138,0.5073,0.3049,0.4531,57.0,0.8875,0.7357,0.0064,0.5373,0.5469
0.2239,0.4611,0.2884,0.3614,0.5101,0.2363,0.4777,49.55,0.7399,0.6877,0.0169,0.5271,0.5223
0.2163,0.5084,0.2584,0.2961,0.1986,0.2414,0.51,51.68,0.7407,0.6846,0.0004,0.249,0.49
0.2381,0.5532,0.3048,0.367,0.4631,0.2745,0.4563,51.38,0.8563,0.718,0.0288,0.4891,0.5437
0.1014,0.4026,0.1569,0.2468,0.4259,0.1333,0.49,53.81,0.7505,0.6848,0.0006,0.6378,0.51
0.2134,0.4322,0.2175,0.2882,0.3673,0.2391,0.4796,61.36,0.4864,0.5465,0.0004,0.5,0.5204
0.382,0.5935,0.418,0.4228,0.5357,0.3978,0.4557,60.65,0.8573,0.4877,0.0121,0.3023,0.5443
0.1724,0.485,0.2229,0.2754,0.2369,0.1998,0.5375,51.68,0.5918,0.6516,0.0004,0.2451,0.4625
0.1903,0.4577,0.2461,0.3197,0.4783,0.2065,0.4959,58.32,0.6135,0.6849,0.0035,0.5726,0.5041
0.1832,0.4724,0.2593,0.3313,0.2261,0.1998,0.502,61.67,0.7285,0.7097,0.002,0.2846,0.498
0.3626,0.6068,0.4049,0.4029,0.5718,0.3816,0.3969,57.4,0.8716,0.7534,0.0006,0.4452,0.6031
0.2206,0.4923,0.3023,0.3308,0.2458,0.232,0.5438,59.13,0.6771,0.6652,0.0204,0.212,0.4562
0.3039,0.5873,0.3564,0.418,0.5156,0.3249,0.448,57.91,0.8703,0.7467,0.003,0.4855,0.552
0.2007,0.5348,0.2258,0.3422,0.4541,0.2394,0.476,49.55,0.866,0.7128,0.0005,0.5344,0.524
0.1899,0.5015,0.2405,0.2566,0.4041,0.2174,0.4661,64.61,0.5925,0.6921,0.0046,0.5522,0.5339
0.2712,0.5541,0.2865,0.3483,0.4564,0.2996,0.4382,49.96,0.7265,0.7092,0.0014,0.5106,0.5618
0.1586,0.4581,0.2208,0.3161,0.2461,0.1798,0.5124,33.65,0.7274,0.6626,0.0047,0.2686,0.4876
0.2269,0.5294,0.2634,0.3529,0.458,0.2545,0.4418,52.09,0.8776,0.7099,0.002,0.5324,0.5582
0.2162,0.4843,0.2865,0.3419,0.2224,0.2396,0.5336,57.5,0.8026,0.7184,0.0019,0.2174,0.4664
0.2885,0.5983,0.3381,0.3989,0.5542,0.3191,0.434,57.4,0.8242,0.7526,0.0074,0.4962,0.566
0.2959,0.5882,0.3437,0.3697,0.5385,0.3186,0.4542,51.78,0.8732,0.7554,0.003,0.4818,0.5458
0.4347,0.6761,0.4198,0.4977,0.5584,0.4499,0.49,57.71,0.8751,0.7364,0.0104,0.3047,0.51
0.1513,0.4095,0.1342,0.2003,0.3089,0.1956,0.4741,58.32,0.5487,0.597,0.0007,0.5682,0.5259
0.2822,0.5829,0.3563,0.4457,0.4995,0.296,0.4337,58.32,0.8444,0.7538,0.0012,0.5532,0.5663
0.2786,0.578,0.3663,0.3237,0.2778,0.2949,0.5176,49.25,0.6973,0.6935,0.0006,0.2275,0.4824
0.1868,0.5584,0.2347,0.2944,0.4283,0.2325,0.494,58.01,0.6886,0.6941,0.0042,0.4803,0.506
0.3311,0.6716,0.37,0.3731,0.5308,0.3612,0.496,59.64,0.887,0.747,0.0018,0.3492,0.504
0.2934,0.5971,0.379,0.4232,0.4807,0.3129,0.4837,55.68,0.8742,0.7419,0.0019,0.4567,0.5163
0.2096,0.521,0.241,0.2934,0.4972,0.2364,0.4859,62.17,0.7177,0.7169,0.0021,0.5469,0.5141
0.3233,0.615,0.3504,0.3777,0.4686,0.3489,0.4718,58.82,0.7955,0.7246,0.0013,0.4504,0.5282
0.2246,0.5115,0.2659,0.2989,0.2038,0.2436,0.5725,60.45,0.807,0.6034,0.0006,0.2,0.4275
0.0642,0.413,0.0831,0.2006,0.3576,0.1183,0.4466,51.48,0.7483,0.6644,0.0025,0.6357,0.5534
0.2537,0.5935,0.3343,0.3917,0.5316,0.2872,0.45,52.7,0.8568,0.7252,0.0072,0.4924,0.55
0.0833,0.4327,0.1167,0.2322,0.1347,0.1447,0.5714,53.61,0.5242,0.5894,0.0009,0.2341,0.4286
0.3032,0.6217,0.317,0.397,0.501,0.34,0.3841,42.72,0.8956,0.5763,0.0062,0.4356,0.6159
0.0981,0.4267,0.1611,0.2467,0.4837,0.1408,0.496,62.58,0.6835,0.6608,0.0055,0.5873,0.504
0.2905,0.6267,0.3452,0.3869,0.4888,0.3224,0.4538,58.92,0.8216,0.6996,0.0179,0.4615,0.5462
0.2359,0.5301,0.3022,0.2678,0.5292,0.2606,0.484,48.84,0.8076,0.7053,0.0008,0.5194,0.516
0.2515,0.618,0.313,0.326,0.212,0.2966,0.5458,59.74,0.9287,0.7004,0.0074,0.1673,0.4542
0.2429,0.5565,0.2881,0.3361,0.2249,0.2738,0.504,43.22,0.6986,0.7128,0.0297,0.2581,0.496
0.2003,0.5217,0.292,0.2826,0.224,0.2204,0.5467,67.08,0.908,0.6805,0.0004,0.2089,0.4533
0.2818,0.5895,0.3102,0.3691,0.4963,0.3073,0.4435,56.29,0.8435,0.7317,0.0077,0.4928,0.5565
0.1018,0.392,0.1739,0.206,0.4275,0.1277,0.4331,60.55,0.6594,0.6713,0.0122,0.6736,0.5669
0.1557,0.5101,0.2099,0.2725,0.1994,0.1874,0.5418,55.78,0.7163,0.6252,0.0009,0.239,0.4582
0.1968,0.4843,0.2532,0.3648,0.2639,0.2172,0.5221,61.67,0.6778,0.6758,0.0005,0.241,0.4779
0.3357,0.6471,0.4211,0.4118,0.5356,0.3499,0.4679,62.58,0.8061,0.6565,0.0005,0.4741,0.5321
0.2687,0.5746,0.3333,0.3315,0.2408,0.2886,0.5259,51.18,0.6248,0.6888,0.0021,0.2072,0.4741
0.2306,0.485,0.2771,0.2934,0.5877,0.2465,0.437,65.96,0.7093,0.7267,0.0018,0.5734,0.563
0.1826,0.4653,0.2553,0.2659,0.2234,0.2082,0.552,59.84,0.4986,0.6771,0.0006,0.208,0.448
0.3571,0.648,0.4551,0.4581,0.2637,0.3717,0.5538,47.32,0.9103,0.7016,0.0007,0.1394,0.4462
0.1571,0.4038,0.1968,0.2776,0.1956,0.174,0.5217,61.77,0.729,0.6646,0.0023,0.2885,0.4783
0.42,0.6834,0.4747,0.4523,0.5459,0.4371,0.4722,57.81,0.9345,0.7972,0.0018,0.391,0.5278
0.3826,0.631,0.4703,0.4901,0.6106,0.3932,0.4683,60.55,0.8307,0.7688,0.003,0.3582,0.5317
0.0369,0.3729,0.1024,0.1763,0.4147,0.0926,0.468,49.86,0.6888,0.6273,0.0004,0.6692,0.532
0.0314,0.2245,0.0753,0.1429,0.2713,0.0584,0.4409,57.0,0.6745,0.6124,0.0051,0.8099,0.5591
0.2058,0.4774,0.2662,0.3677,0.2565,0.2176,0.5198,53.51,0.77,0.7199,0.0005,0.2698,0.4802
0.3195,0.5931,0.3596,0.4265,0.5185,0.3479,0.4466,55.37,0.8081,0.7591,0.0351,0.4286,0.5534
0.2761,0.6123,0.3176,0.3506,0.4827,0.3141,0.4308,59.53,0.839,0.7459,0.004,0.4722,0.5692
0.3348,0.6181,0.3535,0.4523,0.489,0.3594,0.4252,60.35,0.9136,0.7651,0.037,0.4178,0.5748
0.0377,0.2708,0.0559,0.1458,0.3139,0.0677,0.4578,58.21,0.6452,0.6499,0.0012,0.7926,0.5422
0.2015,0.5347,0.2532,0.2622,0.438,0.2395,0.4661,57.2,0.8058,0.6539,0.001,0.5522,0.5339
0.3612,0.6045,0.3848,0.3476,0.4862,0.3768,0.4413,62.17,0.8124,0.7439,0.0021,0.4203,0.5587
0.1639,0.5495,0.1878,0.2747,0.4482,0.2081,0.4578,60.14,0.8069,0.6905,0.0018,0.6,0.5422
0.2248,0.5521,0.3086,0.3436,0.2401,0.2516,0.5085,59.64,0.8195,0.6782,0.0013,0.2331,0.4915
0.1991,0.5152,0.2563,0.2992,0.4517,0.2265,0.4524,57.61,0.7886,0.7242,0.002,0.5725,0.5476
0.2334,0.5714,0.2656,0.3073,0.4694,0.2726,0.488,50.26,0.8767,0.6955,0.0019,0.4531,0.512
0.2271,0.544,0.2604,0.3575,0.4506,0.2675,0.494,57.71,0.7315,0.6985,0.001,0.4724,0.506
0.2063,0.5546,0.2552,0.2891,0.2248,0.2361,0.5205,52.29,0.8695,0.6766,0.4419,0.2418,0.4795
0.1325,0.5122,0.2147,0.3293,0.4809,0.171,0.4822,70.23,0.7826,0.7187,0.0005,0.5496,0.5178
0.2426,0.53,0.2764,0.275,0.4257,0.2732,0.4784,49.04,0.6406,0.6923,0.0004,0.5338,0.5216
0.2931,0.615,0.3733,0.3657,0.5619,0.3186,0.4502,51.78,0.7008,0.7305,0.0013,0.4783,0.5498
0.0824,0.351,0.1467,0.2119,0.4705,0.1143,0.4704,57.2,0.6095,0.6322,0.0004,0.6642,0.5296
0.0805,0.3631,0.1176,0.2338,0.3365,0.1128,0.4365,66.37,0.7435,0.6518,0.0055,0.7042,0.5635
0.2094,0.5684,0.2642,0.2574,0.4742,0.2515,0.4921,60.14,0.6584,0.7031,0.0919,0.4961,0.5079
0.1944,0.5529,0.2959,0.3353,0.5313,0.224,0.4291,50.36,0.6999,0.7294,0.0046,0.5461,0.5709
0.2439,0.6691,0.3852,0.4485,0.2492,0.2657,0.5663,29.9589,0.7754,0.6332,0.0022,0.1606,0.4337
0.1585,0.4788,0.1829,0.2485,0.2243,0.1824,0.5137,62.07,0.7292,0.68,0.0006,0.2863,0.4863
0.2878,0.5356,0.2864,0.3292,0.459,0.3101,0.4585,49.75,0.7901,0.6762,0.0034,0.4453,0.5415
0.0264,0.3731,0.0677,0.1896,0.3351,0.0772,0.4861,49.45,0.6827,0.6384,0.0004,0.7054,0.5139
0.1915,0.4985,0.2417,0.2883,0.2463,0.2166,0.5119,62.27,0.571,0.6764,0.0004,0.25,0.4881
0.2549,0.5322,0.3,0.3041,0.212,0.2726,0.568,60.14,0.828,0.6686,0.0013,0.192,0.432
0.1613,0.5333,0.2145,0.2987,0.4178,0.2179,0.4589,52.83,0.682,0.6957,0.0054,0.528,0.5411
0.2724,0.5889,0.3695,0.3965,0.5435,0.2933,0.4534,60.65,0.7103,0.7176,0.001,0.4741,0.5466
0.2394,0.5366,0.3067,0.25,0.5544,0.2636,0.472,52.29,0.7827,0.7109,0.0006,0.5303,0.528
0.332,0.5934,0.3393,0.3939,0.5076,0.3525,0.4567,64.04,0.7238,0.7375,0.016,0.4783,0.5433
0.2016,0.5015,0.2342,0.3104,0.4804,0.2255,0.4661,53.51,0.5445,0.7128,0.0004,0.597,0.5339
0.2633,0.5699,0.3183,0.3325,0.5255,0.2938,0.46,47.22,0.9033,0.7229,0.0055,0.4296,0.54
0.1926,0.513,0.2493,0.2997,0.2381,0.2203,0.544,62.98,0.8715,0.6647,0.0006,0.196,0.456
0.2594,0.5251,0.3383,0.3717,0.5485,0.2715,0.4781,53.41,0.7525,0.7253,0.0018,0.5038,0.5219
0.191,0.5449,0.2429,0.2584,0.2115,0.2365,0.5339,45.96,0.8806,0.7213,0.0105,0.2072,0.4661
0.1893,0.5,0.2628,0.3478,0.2404,0.2133,0.5291,66.27,0.641,0.6986,0.0004,0.2242,0.4709
0.02,0.1395,0.0234,0.1163,0.1836,0.0303,0.498,53.92,0.4357,0.5126,0.0019,0.88,0.502
0.2374,0.461,0.3137,0.3442,0.5734,0.2465,0.4859,53.41,0.7497,0.6882,0.0008,0.5391,0.5141
0.26,0.5435,0.2918,0.3272,0.213,0.2847,0.58,30.8631,0.657,0.6501,0.0006,0.188,0.42
0.2102,0.5241,0.2303,0.3313,0.5121,0.2358,0.45,53.0,0.6312,0.6733,0.0024,0.5455,0.55
0.3682,0.6413,0.4372,0.5,0.5832,0.3828,0.4502,54.86,0.8567,0.7929,0.0124,0.4275,0.5498
0.2687,0.526,0.3488,0.4335,0.5049,0.2873,0.4545,57.61,0.8081,0.7307,0.0008,0.4928,0.5455
0.1023,0.4444,0.1168,0.1919,0.3353,0.1707,0.4498,66.47,0.7548,0.656,0.0029,0.6277,0.5502
0.369,0.6612,0.4231,0.4372,0.6274,0.3896,0.4593,50.46,0.9046,0.7906,0.0709,0.3609,0.5407
0.3115,0.6211,0.381,0.4105,0.5825,0.3343,0.4863,68.5,0.836,0.7722,0.0024,0.4275,0.5137
0.1817,0.4403,0.2278,0.2956,0.5407,0.2035,0.4593,59.74,0.6543,0.7023,0.0049,0.5789,0.5407
0.0297,0.2857,0.059,0.1612,0.334,0.0717,0.4498,52.19,0.5301,0.6355,0.0047,0.7372,0.5502
0.1302,0.5494,0.2112,0.2531,0.5277,0.1752,0.4818,62.38,0.6225,0.7073,0.0048,0.5391,0.5182
0.2151,0.5646,0.2706,0.3588,0.4963,0.2485,0.4567,53.1,0.6723,0.7384,0.0096,0.529,0.5433
0.2871,0.56,0.3793,0.4457,0.5084,0.3059,0.4724,63.83,0.8099,0.7488,0.0013,0.4851,0.5276
0.0393,0.2828,0.0814,0.1751,0.3411,0.0762,0.4606,60.04,0.5954,0.6436,0.0029,0.7591,0.5394
0.1587,0.4615,0.1858,0.2769,0.2155,0.1897,0.5403,56.76,0.8606,0.6214,0.009,0.254,0.4597
0.3198,0.5805,0.366,0.4116,0.5183,0.3386,0.4409,49.25,0.8427,0.7575,0.0104,0.4366,0.5591
0.2152,0.5526,0.3384,0.3003,0.2805,0.2485,0.5357,58.32,0.6251,0.7245,0.0061,0.2222,0.4643
0.2133,0.5326,0.2514,0.2717,0.4243,0.2475,0.4597,49.86,0.6164,0.7019,0.0448,0.5597,0.5403
0.2124,0.5449,0.2952,0.3293,0.5592,0.2375,0.4921,68.5,0.8079,0.7238,0.0522,0.4844,0.5079
0.3216,0.533,0.3757,0.4615,0.4741,0.336,0.498,55.98,0.9087,0.7532,0.0046,0.4331,0.502
0.3456,0.624,0.401,0.491,0.5533,0.3662,0.472,60.89,0.8365,0.7702,0.0074,0.3939,0.528
0.2355,0.531,0.2394,0.3424,0.4038,0.2727,0.4458,62.27,0.8271,0.689,0.0192,0.5,0.5542
0.3557,0.6463,0.4092,0.4071,0.5325,0.3802,0.4643,58.11,0.8767,0.7578,0.0011,0.4148,0.5357
0.0672,0.3667,0.1074,0.2133,0.2015,0.1151,0.502,60.75,0.7291,0.6585,0.0011,0.3239,0.498
0.2722,0.5821,0.3985,0.4627,0.2928,0.2838,0.533,70.84,0.7846,0.7219,0.0005,0.1718,0.467
0.326,0.6286,0.3708,0.3273,0.498,0.3446,0.4291,66.57,0.9064,0.7489,0.0009,0.4828,0.5709
0.4058,0.6893,0.4829,0.564,0.6418,0.4225,0.4704,57.71,0.8975,0.8195,0.0099,0.3433,0.5296
0.3115,0.5791,0.3666,0.3432,0.4565,0.3303,0.4297,50.36,0.8091,0.7507,0.0016,0.4789,0.5703
0.1307,0.449,0.1811,0.2612,0.3681,0.1586,0.4327,61.97,0.7389,0.5646,0.0006,0.6864,0.5673
0.2115,0.4968,0.25,0.3185,0.5151,0.2301,0.4837,62.07,0.7824,0.6866,0.0066,0.5433,0.5163
0.2756,0.584,0.3273,0.3876,0.4987,0.3079,0.4685,59.74,0.8847,0.7314,0.0104,0.4444,0.5315
0.0679,0.3697,0.0563,0.1737,0.2965,0.1162,0.4739,45.35,0.7933,0.5985,0.0019,0.7328,0.5261
0.1973,0.4164,0.2603,0.2776,0.5149,0.2079,0.4435,68.6,0.6909,0.6861,0.0158,0.6304,0.5565
0.2368,0.5559,0.3023,0.3898,0.2172,0.2674,0.5446,66.57,0.8649,0.7174,0.0049,0.1964,0.4554
0.1878,0.4464,0.2216,0.3188,0.4384,0.2081,0.4378,57.1,0.7572,0.6739,0.0067,0.6071,0.5622
0.3574,0.6141,0.4153,0.4783,0.5127,0.3717,0.4582,49.86,0.8949,0.7862,0.185,0.4559,0.5418
0.1628,0.4982,0.2544,0.3158,0.2154,0.1964,0.5247,58.01,0.6483,0.6965,0.0004,0.2332,0.4753
0.2361,0.5341,0.2685,0.3488,0.5025,0.2657,0.4597,58.01,0.7543,0.7186,0.0017,0.5299,0.5403
0.1703,0.4691,0.236,0.3086,0.2206,0.2012,0.552,52.19,0.737,0.6666,0.0069,0.24,0.448
0.267,0.6267,0.4186,0.5253,0.5365,0.2817,0.4103,70.02,0.6705,0.607,0.0029,0.5304,0.5897
0.3187,0.6188,0.4056,0.3812,0.3143,0.3354,0.5141,49.35,0.8411,0.7179,0.0011,0.1888,0.4859
0.1272,0.4145,0.2053,0.2566,0.237,0.1613,0.5378,60.14,0.7308,0.6448,0.0004,0.2669,0.4622
0.1393,0.4681,0.159,0.2796,0.4242,0.1752,0.4534,51.99,0.5213,0.6715,0.0139,0.637,0.5466
0.1969,0.5446,0.2131,0.2651,0.4177,0.2515,0.428,58.21,0.6013,0.6961,0.0007,0.5035,0.572
0.1698,0.3797,0.273,0.2847,0.5483,0.1791,0.4444,47.83,0.6925,0.6674,0.0059,0.6296,0.5556
0.2892,0.6293,0.3753,0.3467,0.5405,0.3215,0.4355,58.32,0.8558,0.7533,0.0182,0.4714,0.5645
0.2072,0.5046,0.2539,0.3508,0.2616,0.2262,0.5242,53.41,0.6874,0.6902,0.0047,0.2621,0.4758
0.2788,0.5581,0.3216,0.407,0.5187,0.2951,0.4234,55.88,0.791,0.7383,0.0138,0.5105,0.5766
0.2339,0.497,0.3036,0.3728,0.2557,0.2495,0.5278,51.68,0.5956,0.6773,0.0005,0.2381,0.4722
0.4716,0.7233,0.5024,0.4903,0.6351,0.4872,0.4648,57.71,0.914,0.7947,0.0018,0.3066,0.5352
0.2587,0.5461,0.3245,0.4145,0.231,0.2808,0.56,49.55,0.7508,0.7074,0.0006,0.1956,0.44
0.2853,0.5622,0.305,0.3483,0.4728,0.3124,0.4444,58.21,0.7449,0.6914,0.0008,0.5,0.5556
0.2325,0.4437,0.2955,0.3481,0.2243,0.24,0.542,53.0,0.7455,0.6677,0.0068,0.2353,0.458
0.2531,0.5552,0.3305,0.3626,0.2295,0.2716,0.564,55.98,0.8354,0.668,0.0009,0.184,0.436
0.3272,0.6099,0.4199,0.456,0.6149,0.3443,0.4603,51.89,0.849,0.7367,0.0025,0.4485,0.5397
0.1782,0.5254,0.2402,0.3104,0.4928,0.2121,0.4378,53.92,0.8166,0.7216,0.02,0.5571,0.5622
0.1465,0.5013,0.1823,0.272,0.3925,0.1994,0.4781,53.92,0.7962,0.6542,0.0005,0.5344,0.5219
0.2148,0.5141,0.2965,0.2947,0.5612,0.231,0.4163,43.22,0.6007,0.7186,0.0058,0.5804,0.5837
0.2593,0.5906,0.3353,0.3158,0.5206,0.2819,0.4435,50.06,0.7546,0.745,0.0008,0.4928,0.5565
0.3128,0.5962,0.3237,0.3558,0.4684,0.3463,0.4841,63.39,0.8343,0.7166,0.0009,0.3846,0.5159
0.2771,0.5882,0.2906,0.2941,0.4811,0.3154,0.4879,55.78,0.7632,0.6788,0.006,0.4803,0.5121
0.1328,0.4687,0.1728,0.2552,0.3425,0.1744,0.4395,46.91,0.3454,0.637,0.0043,0.6187,0.5605
0.1234,0.4317,0.1522,0.2302,0.4446,0.1615,0.3774,59.53,0.5758,0.6238,0.0016,0.6364,0.6226
0.3072,0.64,0.3646,0.448,0.6016,0.3317,0.4821,60.04,0.8875,0.7497,0.0063,0.4,0.5179
0.0797,0.3731,0.1571,0.2694,0.1953,0.1074,0.5158,60.24,0.5713,0.6075,0.0005,0.3,0.4842
0.1858,0.5068,0.2301,0.2888,0.4417,0.2272,0.4476,62.27,0.5395,0.6967,0.0078,0.5766,0.5524
0.2821,0.6466,0.3627,0.4261,0.2415,0.3234,0.5278,49.15,0.8535,0.6853,0.0051,0.1627,0.4722
0.1467,0.4495,0.1421,0.2626,0.3644,0.1891,0.488,63.29,0.6658,0.6472,0.0039,0.5859,0.512
0.1835,0.4706,0.2237,0.3072,0.452,0.2221,0.4897,58.66,0.5902,0.6704,0.0006,0.4747,0.5103
0.2852,0.585,0.3361,0.429,0.5574,0.3046,0.4781,57.71,0.8714,0.7491,0.0069,0.4656,0.5219
0.2624,0.563,0.2779,0.3457,0.4639,0.2966,0.4462,59.94,0.9094,0.6945,0.0074,0.5108,0.5538
0.2914,0.6118,0.3557,0.3843,0.5746,0.3192,0.3988,54.36,0.6767,0.7325,0.015,0.4231,0.6012
0.2276,0.4847,0.2901,0.3926,0.2512,0.2405,0.5219,49.55,0.7754,0.6918,0.0005,0.255,0.4781
0.2107,0.5573,0.2461,0.3073,0.4577,0.2505,0.4737,57.91,0.6353,0.7033,0.0004,0.5077,0.5263
0.294,0.5594,0.2918,0.3641,0.4872,0.3187,0.4534,58.42,0.834,0.7479,0.0045,0.5407,0.5466
0.2639,0.5778,0.3017,0.3444,0.5474,0.2907,0.48,49.86,0.8229,0.7187,0.0073,0.4846,0.52
0.3703,0.6234,0.401,0.3691,0.5396,0.3911,0.4803,60.04,0.8729,0.7457,0.0006,0.3636,0.5197
0.2533,0.5882,0.3172,0.2995,0.4886,0.2798,0.4659,57.61,0.8244,0.7137,0.001,0.4887,0.5341
0.144,0.472,0.2196,0.2655,0.1996,0.1819,0.5415,61.67,0.388,0.6501,0.0049,0.2451,0.4585
0.1368,0.4948,0.2035,0.2857,0.4005,0.1772,0.4815,58.66,0.7233,0.6731,0.0059,0.5089,0.5185
0.2805,0.5817,0.3454,0.3657,0.5376,0.3016,0.4661,61.46,0.7899,0.7434,0.0006,0.4776,0.5339
0.1362,0.4323,0.1414,0.2344,0.3555,0.1779,0.4878,54.22,0.3714,0.6453,0.0039,0.6349,0.5122
0.1954,0.4969,0.2938,0.3478,0.2422,0.2176,0.5119,61.56,0.6748,0.7187,0.0005,0.2619,0.4881
0.194,0.4939,0.2209,0.311,0.2372,0.2196,0.5287,47.83,0.7827,0.6587,0.006,0.2582,0.4713
0.1317,0.4679,0.1447,0.2416,0.1616,0.1781,0.552,53.51,0.8188,0.6349,0.0004,0.256,0.448
0.2011,0.5042,0.2085,0.2857,0.4718,0.2274,0.472,61.09,0.7753,0.7036,0.0042,0.5379,0.528
0.1929,0.5108,0.2703,0.328,0.4485,0.2315,0.4405,57.2,0.8488,0.7385,0.0142,0.5532,0.5595
0.2545,0.5091,0.3232,0.3697,0.5567,0.2654,0.4941,61.67,0.7922,0.7103,0.0006,0.5234,0.5059
0.1556,0.4726,0.1971,0.2824,0.2087,0.1944,0.506,59.84,0.5579,0.6631,0.0004,0.251,0.494
0.191,0.5185,0.2407,0.3248,0.4564,0.2241,0.4637,70.33,0.8,0.7413,0.0037,0.5338,0.5363
0.3196,0.5899,0.3229,0.3204,0.5138,0.3605,0.3793,58.92,0.7458,0.5132,0.031,0.3889,0.6207
0.0513,0.2697,0.0728,0.1776,0.3716,0.101,0.4297,55.27,0.5534,0.6074,0.0451,0.7606,0.5703
0.0587,0.3606,0.0963,0.2028,0.3095,0.1088,0.4365,57.71,0.6178,0.6149,0.0091,0.7324,0.5635
0.643,0.7951,0.7047,0.6272,0.7069,0.6455,0.4567,63.43,0.9466,0.878,0.0028,0.2681,0.5433
0.1393,0.4599,0.1351,0.2429,0.3657,0.1824,0.4462,61.87,0.5727,0.649,0.0045,0.6115,0.5538
0.2232,0.5443,0.2831,0.2875,0.2608,0.2515,0.5263,54.22,0.8492,0.7193,0.0006,0.2105,0.4737
0.2238,0.522,0.3068,0.3284,0.2343,0.2435,0.556,61.46,0.7333,0.7085,0.0004,0.192,0.444
0.1918,0.4942,0.2222,0.3198,0.491,0.2196,0.4549,47.42,0.6173,0.6996,0.0006,0.5865,0.5451
0.2821,0.5187,0.3711,0.4312,0.6029,0.2901,0.5,47.32,0.7218,0.6996,0.0007,0.4839,0.5
0.1559,0.4531,0.2047,0.2891,0.2155,0.1824,0.5229,67.49,0.6469,0.6832,0.0006,0.2798,0.4771
0.2995,0.6021,0.3632,0.3613,0.5481,0.325,0.4466,57.71,0.787,0.7379,0.0167,0.4643,0.5534
0.1629,0.5028,0.1989,0.2542,0.4476,0.2046,0.4921,49.65,0.7428,0.6572,0.0004,0.5547,0.5079
0.1859,0.4838,0.2255,0.3127,0.2206,0.2078,0.5296,51.52,0.6487,0.6693,0.006,0.2411,0.4704
0.1901,0.5287,0.2543,0.2701,0.4634,0.2263,0.4739,59.94,0.6756,0.7,0.0061,0.5191,0.5261
0.1837,0.5,0.2543,0.3161,0.1881,0.2181,0.5565,50.36,0.4788,0.6668,0.0068,0.246,0.4435
0.2472,0.5424,0.3125,0.339,0.4879,0.2735,0.49,60.14,0.7279,0.7211,0.001,0.4844,0.51
0.3691,0.6765,0.4089,0.4118,0.6129,0.3976,0.4664,49.75,0.9313,0.7902,0.0194,0.3481,0.5336
0.2452,0.521,0.3012,0.3413,0.5004,0.2633,0.481,59.74,0.7733,0.7181,0.0062,0.5447,0.519
0.2675,0.6069,0.2823,0.3034,0.4816,0.3177,0.3448,58.82,0.7557,0.5247,0.0384,0.4105,0.6552
0.2192,0.5,0.2632,0.3314,0.524,0.2385,0.494,55.47,0.8099,0.665,0.0013,0.4961,0.506
0.1624,0.5321,0.2194,0.3013,0.3831,0.2047,0.4907,57.5,0.8237,0.6786,0.0004,0.5138,0.5093
0.0758,0.453,0.0833,0.1878,0.3437,0.1334,0.4413,49.96,0.6757,0.6149,0.0016,0.6522,0.5587
0.06,0.4457,0.1034,0.1943,0.3169,0.1262,0.4506,61.87,0.7295,0.6309,0.0017,0.6691,0.5494
0.1948,0.6,0.3566,0.4,0.2039,0.2157,0.5854,27.796,0.6658,0.5878,0.0087,0.187,0.4146
0.1861,0.5104,0.2687,0.3501,0.5633,0.2163,0.488,61.97,0.7655,0.7398,0.0076,0.5078,0.512
0.2738,0.6036,0.329,0.266,0.4889,0.3014,0.4484,57.4,0.8462,0.715,0.0013,0.4676,0.5516
0.2412,0.5706,0.284,0.3588,0.23,0.2667,0.5403,62.17,0.814,0.6912,0.0092,0.2177,0.4597
0.1898,0.5172,0.2599,0.285,0.4457,0.2256,0.4625,55.17,0.8125,0.6927,0.0022,0.5368,0.5375
0.1776,0.4899,0.2667,0.3343,0.2046,0.2046,0.5476,70.33,0.6868,0.661,0.0007,0.2302,0.4524
0.2954,0.5812,0.3668,0.3875,0.5745,0.3139,0.492,53.21,0.8416,0.7282,0.006,0.4803,0.508
0.1326,0.489,0.2145,0.2571,0.4592,0.1785,0.4758,58.01,0.5532,0.6832,0.0006,0.5692,0.5242
0.209,0.4601,0.2958,0.3259,0.2482,0.2253,0.5582,53.92,0.4598,0.6427,0.0005,0.2209,0.4418
0.1745,0.4554,0.2043,0.2708,0.417,0.2185,0.2892,66.47,0.7621,0.6535,0.0016,0.6207,0.7108
0.1903,0.4896,0.2703,0.3761,0.2206,0.2107,0.5929,23.9615,0.8052,0.6333,0.0005,0.1937,0.4071
0.2454,0.5995,0.32,0.3448,0.5049,0.28,0.4575,51.99,0.7084,0.7162,0.0025,0.4851,0.5425
0.1907,0.4669,0.2667,0.3533,0.2504,0.2082,0.516,60.14,0.75,0.7033,0.0005,0.252,0.484
0.2104,0.5506,0.2486,0.3315,0.514,0.2455,0.4291,60.14,0.7036,0.7238,0.008,0.5448,0.5709
0.1571,0.5326,0.21,0.2559,0.407,0.211,0.4597,58.52,0.9258,0.6973,0.0008,0.5448,0.5403
0.1178,0.4424,0.1341,0.2242,0.2124,0.1521,0.5613,59.53,0.7398,0.6504,0.001,0.253,0.4387
0.1476,0.4203,0.1911,0.2712,0.187,0.1761,0.5112,64.51,0.761,0.6497,0.0053,0.2915,0.4888
0.3252,0.5731,0.3156,0.2972,0.4499,0.3555,0.4367,47.42,0.8075,0.6664,0.0195,0.3913,0.5633
0.2376,0.5106,0.318,0.3647,0.2626,0.2505,0.5261,51.68,0.7273,0.7018,0.0035,0.245,0.4739
0.3299,0.6349,0.3723,0.3757,0.5875,0.3536,0.4883,61.56,0.8436,0.775,0.0007,0.4504,0.5117
0.2977,0.5865,0.3224,0.3759,0.4597,0.3286,0.4879,56.39,0.7744,0.7101,0.0018,0.4567,0.5121
0.3156,0.5938,0.4282,0.4146,0.272,0.3333,0.5198,65.96,0.7762,0.7431,0.0008,0.1786,0.4802
0.2134,0.5882,0.2688,0.3102,0.5135,0.2565,0.456,51.58,0.8165,0.7121,0.0188,0.5147,0.544
0.146,0.4726,0.2087,0.2767,0.204,0.1924,0.5498,60.24,0.7588,0.6641,0.0059,0.2311,0.4502
0.1236,0.343,0.1433,0.2201,0.1709,0.1444,0.5462,57.71,0.61,0.6466,0.0006,0.2851,0.4538
0.1743,0.4958,0.2129,0.3175,0.4206,0.2094,0.4741,59.74,0.7595,0.6988,0.0016,0.5833,0.5259
0.1606,0.565,0.206,0.255,0.4145,0.2285,0.4661,50.06,0.9002,0.7108,0.0085,0.5149,0.5339
0.1356,0.4534,0.2188,0.2919,0.1954,0.1677,0.5635,58.42,0.6914,0.6631,0.0004,0.2421,0.4365
0.4403,0.6885,0.489,0.5628,0.6944,0.4513,0.4073,50.67,0.8583,0.8042,0.1267,0.415,0.5927
0.1851,0.5662,0.2507,0.3221,0.4394,0.2452,0.4449,48.13,0.7163,0.7038,0.0084,0.5191,0.5551
0.2036,0.5666,0.2792,0.3456,0.5269,0.2372,0.4512,55.58,0.8385,0.7307,0.0061,0.5407,0.5488
0.2334,0.5348,0.2633,0.3231,0.4623,0.2594,0.4941,69.31,0.8625,0.6984,0.0013,0.5234,0.5059
0.2123,0.494,0.2072,0.2446,0.3691,0.2505,0.4706,53.41,0.7461,0.6678,0.0066,0.5407,0.5294
0.1514,0.4894,0.2249,0.29,0.4804,0.1825,0.4672,47.52,0.5753,0.6904,0.0158,0.5846,0.5328
0.321,0.5876,0.3886,0.4278,0.4951,0.3437,0.494,58.32,0.6897,0.7376,0.0012,0.4173,0.506
0.2342,0.459,0.3102,0.2885,0.2297,0.2405,0.5278,62.48,0.7409,0.7041,0.0005,0.2738,0.4722
0.4123,0.5613,0.3889,0.4701,0.5126,0.4319,0.38,50.36,0.8629,0.5116,0.0099,0.3011,0.62
0.3324,0.5971,0.3512,0.4272,0.4905,0.3577,0.494,57.71,0.8072,0.6953,0.0012,0.3622,0.506
0.2185,0.4771,0.2769,0.3425,0.4849,0.2325,0.4762,54.83,0.553,0.7079,0.0004,0.5606,0.5238
0.2029,0.5238,0.2455,0.3452,0.2115,0.2313,0.5582,45.76,0.8577,0.6828,0.0008,0.1928,0.4418
0.2215,0.5248,0.2639,0.3673,0.5105,0.2424,0.4113,51.68,0.7288,0.7362,0.0052,0.5548,0.5887
0.2103,0.4948,0.2565,0.2865,0.3918,0.2425,0.4821,68.4,0.7071,0.6624,0.0032,0.5769,0.5179
0.2582,0.5016,0.3091,0.3824,0.2741,0.2679,0.5366,52.19,0.8436,0.7081,0.001,0.2317,0.4634
0.1642,0.489,0.2271,0.2696,0.4473,0.1992,0.4816,53.81,0.667,0.6989,0.0012,0.5827,0.5184
0.1687,0.523,0.2254,0.2644,0.4835,0.2129,0.4724,58.52,0.8543,0.7012,0.0018,0.5448,0.5276
0.3702,0.6468,0.405,0.4378,0.5517,0.3889,0.494,57.81,0.8966,0.7427,0.0106,0.3968,0.506
0.1787,0.5015,0.2255,0.2537,0.2,0.204,0.5591,61.77,0.7383,0.6674,0.0007,0.2205,0.4409
0.1632,0.4896,0.1982,0.3104,0.1972,0.1904,0.5911,26.0039,0.6534,0.6032,0.0005,0.2105,0.4089
0.4679,0.6927,0.4951,0.439,0.5562,0.4809,0.432,60.14,0.8663,0.7887,0.003,0.4014,0.568
0.3077,0.5837,0.3317,0.378,0.4784,0.3453,0.4603,58.11,0.764,0.7194,0.0008,0.4485,0.5397
0.2301,0.5325,0.2857,0.2899,0.561,0.2505,0.4919,50.16,0.683,0.6981,0.0007,0.496,0.5081
0.1903,0.5141,0.2397,0.3135,0.5202,0.2183,0.48,60.95,0.6794,0.7091,0.0006,0.5385,0.52
0.2933,0.5833,0.3408,0.3944,0.2474,0.3104,0.5357,57.91,0.7876,0.6958,0.0055,0.1944,0.4643
0.2635,0.5993,0.3273,0.426,0.5036,0.2892,0.3265,60.95,0.7171,0.6236,0.0035,0.5455,0.6735
0.1765,0.4333,0.255,0.2867,0.2374,0.1909,0.5181,60.65,0.6683,0.6915,0.0024,0.2731,0.4819
0.3135,0.5926,0.3325,0.3901,0.4502,0.3417,0.4622,58.11,0.7703,0.7483,0.098,0.4444,0.5378
0.3049,0.5739,0.4057,0.4886,0.6027,0.3218,0.4291,55.37,0.6922,0.7616,0.0065,0.4894,0.5709
0.3051,0.5706,0.4011,0.4321,0.5465,0.3221,0.4783,52.02,0.8302,0.7812,0.007,0.4621,0.5217
0.1876,0.4364,0.293,0.2982,0.4821,0.1981,0.4792,57.3,0.7475,0.6415,0.006,0.624,0.5208
0.1835,0.4839,0.2597,0.329,0.5133,0.2046,0.4841,50.46,0.828,0.7165,0.0006,0.5308,0.5159
0.3272,0.6548,0.3673,0.4112,0.5154,0.3521,0.4902,58.32,0.8473,0.7478,0.0009,0.4231,0.5098
0.3621,0.601,0.3911,0.4631,0.5195,0.3792,0.5,59.87,0.9119,0.7665,0.001,0.378,0.5
0.2881,0.6126,0.3368,0.3822,0.5077,0.3215,0.4516,60.35,0.7965,0.7335,0.0086,0.4485,0.5484
0.247,0.483,0.2571,0.3068,0.2063,0.2625,0.5833,53.92,0.7831,0.6542,0.0005,0.1746,0.4167
0.1734,0.4936,0.2323,0.2692,0.4584,0.1986,0.4332,61.16,0.8039,0.7058,0.0006,0.6143,0.5668
0.2375,0.5584,0.3152,0.3419,0.2734,0.2636,0.512,60.65,0.8469,0.6909,0.0025,0.22,0.488
0.2584,0.5749,0.2667,0.3391,0.4309,0.2916,0.4701,53.51,0.8475,0.666,0.0057,0.4586,0.5299
0.1853,0.4406,0.2254,0.3147,0.4776,0.2068,0.2836,62.92,0.565,0.6789,0.254,0.6458,0.7164
0.237,0.5783,0.2663,0.3422,0.4378,0.2836,0.4024,51.99,0.8816,0.7204,0.0008,0.5,0.5976
0.2445,0.6781,0.3655,0.4795,0.2175,0.2687,0.5663,60.65,0.7228,0.6377,0.0112,0.1606,0.4337
0.1859,0.4954,0.2092,0.3058,0.4911,0.2099,0.4879,63.9,0.6097,0.695,0.0037,0.5118,0.5121
0.0308,0.2042,0.0496,0.1549,0.2795,0.0527,0.4704,59.74,0.5818,0.6191,0.0072,0.8433,0.5296
0.265,0.5879,0.3204,0.3297,0.5213,0.2911,0.4274,58.32,0.8319,0.7439,0.0024,0.5,0.5726
0.2245,0.4881,0.2874,0.3571,0.4341,0.2384,0.4498,66.67,0.6664,0.7191,0.0016,0.6204,0.5502
0.3096,0.591,0.3395,0.3588,0.5291,0.3307,0.4961,57.4,0.8919,0.7553,0.0016,0.4219,0.5039
0.2285,0.5152,0.2866,0.3152,0.2677,0.2475,0.5159,55.03,0.7916,0.7006,0.0004,0.246,0.4841
0.2327,0.5455,0.2914,0.3125,0.2211,0.2639,0.5246,58.72,0.621,0.6907,0.0028,0.2295,0.4754
0.2706,0.5227,0.32,0.3864,0.5094,0.2887,0.488,55.78,0.8382,0.7218,0.0092,0.5312,0.512
0.2598,0.5985,0.2983,0.3504,0.5226,0.2932,0.4466,57.5,0.7685,0.7251,0.0021,0.4714,0.5534
0.1837,0.5421,0.2434,0.3105,0.2085,0.2272,0.5161,59.64,0.7908,0.6715,0.0005,0.254,0.4839
0.18,0.4411,0.2492,0.3082,0.2018,0.1998,0.5363,55.68,0.6857,0.6671,0.0018,0.2661,0.4637
0.1711,0.4756,0.2086,0.3354,0.2089,0.196,0.5301,60.04,0.7554,0.6638,0.0007,0.241,0.4699
0.1293,0.4669,0.1855,0.2882,0.4277,0.1637,0.4365,61.87,0.8047,0.7047,0.0023,0.6338,0.5635
0.1132,0.4373,0.1609,0.2667,0.3597,0.169,0.4822,51.99,0.808,0.6639,0.0006,0.5725,0.5178
0.2295,0.5359,0.2778,0.2486,0.4498,0.2575,0.498,60.14,0.8777,0.7083,0.0004,0.5159,0.502
0.0854,0.3964,0.0785,0.2162,0.3941,0.1288,0.4476,66.37,0.7177,0.6367,0.0025,0.6642,0.5524
0.2674,0.5508,0.3387,0.2995,0.4701,0.2882,0.3887,49.15,0.8694,0.7273,0.0094,0.5364,0.6113
0.2197,0.5199,0.2293,0.3024,0.4432,0.2505,0.476,60.35,0.8233,0.7023,0.0013,0.5191,0.524
0.2929,0.5147,0.4197,0.4821,0.2901,0.2996,0.5081,62.48,0.7522,0.6983,0.0009,0.2195,0.4919
0.1328,0.4585,0.1729,0.2693,0.2026,0.169,0.52,60.45,0.6009,0.631,0.0102,0.288,0.48
0.0702,0.4024,0.1027,0.1922,0.1353,0.1146,0.5045,65.96,0.5869,0.6232,0.0052,0.308,0.4955
0.243,0.5507,0.3207,0.3014,0.5157,0.2655,0.4821,50.46,0.7353,0.6954,0.001,0.4615,0.5179
0.1445,0.4941,0.2189,0.2824,0.2068,0.1839,0.5415,51.28,0.5957,0.6552,0.0005,0.2372,0.4585
0.2831,0.5614,0.3412,0.386,0.2798,0.2972,0.5178,49.86,0.7755,0.7267,0.0049,0.2174,0.4822
0.1991,0.5379,0.2748,0.3106,0.2285,0.22,0.545,69.72,0.7465,0.6913,0.0005,0.2072,0.455
0.1585,0.4345,0.2036,0.2798,0.4613,0.1833,0.4737,44.75,0.7953,0.6582,0.0005,0.6077,0.5263
0.2355,0.5,0.2914,0.3693,0.2036,0.2545,0.5675,57.81,0.7719,0.6565,0.0011,0.2063,0.4325
0.2424,0.6052,0.313,0.3343,0.2659,0.2686,0.52,42.11,0.7722,0.6901,0.005,0.22,0.48
0.2479,0.56,0.3624,0.38,0.2427,0.2697,0.5179,68.7,0.6922,0.7058,0.0004,0.2054,0.4821
0.2461,0.578,0.2725,0.3427,0.4839,0.2786,0.4622,58.52,0.7013,0.7382,0.0058,0.4889,0.5378
0.2122,0.519,0.3312,0.2785,0.2893,0.2315,0.502,53.71,0.7168,0.7336,0.0048,0.243,0.498
0.056,0.3932,0.063,0.1994,0.3061,0.1146,0.4597,58.21,0.6775,0.6221,0.0034,0.7313,0.5403
0.0141,0.3706,0.0473,0.1706,0.3003,0.0845,0.4625,57.1,0.6019,0.6011,0.0004,0.7206,0.5375
0.1851,0.434,0.2342,0.2956,0.2016,0.2082,0.612,27.7963,0.6506,0.5594,0.0005,0.172,0.388
0.2417,0.5928,0.2857,0.3229,0.4336,0.2846,0.4462,57.5,0.874,0.7234,0.0164,0.4676,0.5538
0.3872,0.6749,0.4158,0.4384,0.5355,0.4069,0.4724,57.5,0.7776,0.7698,0.001,0.3881,0.5276
0.2586,0.5699,0.2865,0.3905,0.4414,0.2909,0.4403,56.29,0.8237,0.7,0.0077,0.4926,0.5597
0.2867,0.5537,0.3523,0.4124,0.2241,0.3065,0.5223,58.62,0.77,0.6927,0.1492,0.2024,0.4777
0.3272,0.6286,0.3864,0.3896,0.5766,0.3495,0.4418,57.71,0.748,0.7419,0.0018,0.4388,0.5582
0.2063,0.539,0.2329,0.2771,0.4079,0.2445,0.4585,54.97,0.8357,0.7145,0.0016,0.5255,0.5415
0.226,0.5294,0.2742,0.3369,0.4978,0.2535,0.5,71.44,0.7355,0.7075,0.0175,0.5238,0.5
0.0526,0.331,0.1111,0.1724,0.3763,0.0998,0.4737,49.86,0.6599,0.6464,0.0155,0.7231,0.5263
0.1652,0.4748,0.2209,0.2433,0.4335,0.1919,0.4538,61.46,0.6565,0.6921,0.0005,0.6029,0.5462
0.2658,0.5597,0.2656,0.3621,0.5158,0.3039,0.3427,58.92,0.89,0.5166,0.0102,0.4574,0.6573
0.0565,0.3704,0.1089,0.2108,0.3413,0.1136,0.4032,55.37,0.6386,0.6573,0.002,0.7297,0.5968
0.2391,0.5627,0.3385,0.3976,0.3114,0.2604,0.502,61.87,0.909,0.7354,0.0004,0.2372,0.498
0.2899,0.587,0.3443,0.3859,0.5012,0.3081,0.4418,58.52,0.8671,0.7332,0.003,0.5036,0.5582
0.1117,0.4128,0.1345,0.2791,0.1577,0.1509,0.5961,31.6876,0.6927,0.6173,0.0007,0.2235,0.4039
0.2501,0.598,0.2626,0.3668,0.4503,0.2863,0.4545,49.15,0.7298,0.7174,0.0016,0.4783,0.5455
0.2705,0.5714,0.3351,0.3651,0.4934,0.2984,0.4405,49.35,0.8179,0.7377,0.0056,0.461,0.5595
0.2028,0.4899,0.2609,0.2536,0.2255,0.2264,0.524,51.78,0.5791,0.6552,0.0005,0.228,0.476
0.1798,0.5087,0.2267,0.2948,0.4989,0.2098,0.4656,63.39,0.8329,0.6893,0.0047,0.553,0.5344
0.1739,0.5259,0.257,0.3108,0.2033,0.2013,0.5226,54.93,0.6183,0.3533,0.0007,0.2663,0.4774
0.2364,0.5333,0.2974,0.3536,0.1891,0.2595,0.5913,35.2262,0.7438,0.6782,0.0082,0.1587,0.4087
0.3792,0.6313,0.4315,0.5101,0.5522,0.3984,0.484,49.04,0.9186,0.78,0.0061,0.4186,0.516
0.2654,0.5455,0.3415,0.3091,0.3064,0.2823,0.5059,60.45,0.7742,0.7411,0.0004,0.2372,0.4941
0.3132,0.6264,0.3812,0.4231,0.5738,0.3373,0.4127,61.77,0.8691,0.7734,0.0008,0.4595,0.5873
0.2328,0.5233,0.2924,0.3605,0.5148,0.2515,0.4862,59.74,0.8421,0.7343,0.0021,0.5077,0.5138
0.2633,0.5785,0.3158,0.4132,0.2505,0.2826,0.5139,61.77,0.7988,0.71,0.0005,0.2191,0.4861
0.0823,0.4501,0.1089,0.2393,0.3886,0.1358,0.5,59.94,0.463,0.6111,0.0022,0.616,0.5
0.2015,0.4737,0.298,0.3487,0.5359,0.2155,0.4508,55.34,0.8971,0.6802,0.0005,0.5896,0.5492
0.2442,0.4884,0.3522,0.3366,0.278,0.2525,0.5178,63.49,0.6642,0.7172,0.0007,0.253,0.4822
0.2243,0.5473,0.255,0.3134,0.4662,0.2604,0.415,55.37,0.8772,0.7242,0.0065,0.5135,0.585
0.227,0.535,0.3734,0.4609,0.2284,0.2352,0.5789,29.042,0.6629,0.5908,0.0018,0.1943,0.4211
0.2835,0.5648,0.3073,0.342,0.4862,0.3134,0.4563,60.95,0.8352,0.7369,0.0007,0.4672,0.5437
0.3655,0.6509,0.4591,0.4357,0.5741,0.3851,0.4803,57.71,0.9133,0.7812,0.0131,0.3636,0.5197
0.2695,0.565,0.3352,0.3672,0.2341,0.2903,0.581,62.38,0.8424,0.6768,0.0006,0.1462,0.419
0.1409,0.4674,0.1475,0.2337,0.3742,0.1879,0.4249,62.17,0.6695,0.6407,0.0011,0.6194,0.5751
0.23,0.5439,0.2963,0.3116,0.5516,0.2585,0.4502,60.14,0.7769,0.7484,0.0009,0.5217,0.5498
0.3818,0.6383,0.4385,0.484,0.633,0.3952,0.4563,60.14,0.912,0.7788,0.0004,0.4088,0.5437
0.298,0.5995,0.3726,0.436,0.505,0.3211,0.4743,68.6,0.8761,0.7488,0.0013,0.4662,0.5257
0.3273,0.6102,0.3601,0.431,0.5171,0.3548,0.4146,57.81,0.8857,0.7753,0.0101,0.4444,0.5854
0.2155,0.536,0.2841,0.3746,0.4842,0.2433,0.418,47.52,0.86,0.7325,0.0006,0.5845,0.582
0.1769,0.4642,0.2075,0.2751,0.191,0.2,0.5261,60.65,0.7677,0.6944,0.0011,0.257,0.4739
0.2995,0.5668,0.3656,0.4171,0.4801,0.3185,0.4706,51.62,0.8989,0.7566,0.002,0.4593,0.5294
0.1247,0.3863,0.1229,0.2054,0.1589,0.1711,0.5344,67.38,0.5785,0.5879,0.0005,0.2632,0.4656
0.0971,0.436,0.117,0.2209,0.3886,0.1421,0.4941,49.86,0.5594,0.6417,0.0078,0.6719,0.5059
0.2945,0.5897,0.3853,0.4195,0.608,0.3083,0.4435,50.26,0.7481,0.751,0.0055,0.4928,0.5565
0.1347,0.4985,0.1791,0.273,0.1398,0.1752,0.5628,29.846,0.5445,0.5458,0.009,0.2186,0.4372
0.2781,0.5805,0.341,0.3793,0.4878,0.2986,0.4878,49.86,0.6401,0.7127,0.0036,0.4762,0.5122
0.0577,0.3093,0.0969,0.2062,0.414,0.1018,0.4656,52.02,0.5819,0.6563,0.0604,0.7348,0.5344
0.0799,0.4123,0.1064,0.2061,0.3167,0.1317,0.4722,55.58,0.7489,0.6432,0.0015,0.6617,0.5278
0.3018,0.5876,0.3902,0.469,0.5131,0.3225,0.4315,58.52,0.767,0.7483,0.0061,0.4894,0.5685
0.2651,0.5692,0.3097,0.3969,0.4836,0.2944,0.4405,58.01,0.8749,0.7405,0.0025,0.461,0.5595
0.242,0.511,0.3039,0.3571,0.2311,0.2635,0.5179,55.37,0.8247,0.6613,0.0036,0.243,0.4821
0.2806,0.6257,0.3602,0.4225,0.5497,0.3136,0.4462,56.29,0.8629,0.7713,0.009,0.4245,0.5538
0.1838,0.4479,0.2349,0.2839,0.2338,0.2018,0.5081,55.88,0.7309,0.6687,0.0006,0.2782,0.4919
0.2939,0.5714,0.3324,0.3473,0.185,0.3166,0.5042,48.84,0.8764,0.652,0.0871,0.2458,0.4958
0.1009,0.3299,0.1799,0.2543,0.4451,0.1148,0.4643,66.17,0.6579,0.67,0.0235,0.7185,0.5357
0.2243,0.5735,0.2759,0.3529,0.228,0.2671,0.5019,57.5,0.7251,0.7334,0.002,0.2374,0.4981
0.1686,0.4906,0.2152,0.283,0.2349,0.1963,0.5244,62.98,0.6398,0.6485,0.0089,0.248,0.4756
0.2745,0.5487,0.2732,0.3487,0.4187,0.3046,0.4622,62.27,0.8262,0.7091,0.0014,0.5111,0.5378
0.2164,0.5541,0.2653,0.2744,0.479,0.2505,0.4722,59.53,0.7433,0.7004,0.0005,0.5188,0.5278
0.2823,0.6169,0.33,0.3731,0.4683,0.3164,0.4484,59.87,0.8488,0.7443,0.0169,0.4604,0.5516
0.2405,0.5274,0.2828,0.3356,0.4508,0.2618,0.4018,69.62,0.7312,0.651,0.0006,0.5373,0.5982
0.1453,0.4721,0.1531,0.2335,0.3755,0.1968,0.4153,51.68,0.7531,0.6538,0.1989,0.6414,0.5847
0.3153,0.5867,0.3646,0.3787,0.5258,0.3327,0.4542,49.15,0.888,0.7614,0.0018,0.438,0.5458
0.027,0.1859,0.0449,0.1264,0.2592,0.0439,0.4246,61.67,0.4113,0.5702,0.0052,0.8759,0.5754
0.2537,0.5633,0.3065,0.3669,0.2331,0.287,0.5121,51.89,0.8208,0.6948,0.0114,0.2137,0.4879
0.261,0.577,0.2801,0.357,0.422,0.2939,0.494,58.21,0.7752,0.6876,0.0017,0.4841,0.506
0.4324,0.6667,0.5027,0.5269,0.6314,0.4411,0.4762,60.35,0.9135,0.7778,0.0019,0.3636,0.5238
0.2087,0.4985,0.2925,0.3501,0.5437,0.2295,0.4921,62.07,0.7735,0.7007,0.0014,0.5234,0.5079
0.157,0.5191,0.2251,0.2545,0.4307,0.2127,0.4512,60.14,0.7903,0.6603,0.0005,0.5556,0.5488
0.1372,0.4563,0.1916,0.2281,0.1926,0.167,0.5708,66.78,0.7836,0.6452,0.0004,0.2124,0.4292
0.1428,0.4056,0.1508,0.25,0.1751,0.1813,0.502,51.89,0.6862,0.6222,0.115,0.3077,0.498
0.3237,0.6092,0.3931,0.408,0.5812,0.3403,0.496,62.27,0.7166,0.7452,0.0005,0.3937,0.504
0.3404,0.6232,0.3647,0.3853,0.5343,0.355,0.4919,63.8,0.8409,0.7379,0.0034,0.4524,0.5081
0.3212,0.5818,0.3551,0.3221,0.4899,0.3373,0.4841,53.51,0.7652,0.7261,0.0089,0.4077,0.5159
0.0393,0.2652,0.065,0.1505,0.1688,0.0697,0.5141,57.91,0.7013,0.6284,0.0023,0.3775,0.4859
0.2215,0.4873,0.2739,0.2911,0.2551,0.2365,0.5378,53.61,0.632,0.6953,0.0007,0.2351,0.4622
0.1597,0.4937,0.2102,0.2595,0.4886,0.1909,0.4862,60.65,0.7925,0.704,0.0014,0.5385,0.5138
0.2051,0.5651,0.2556,0.3492,0.467,0.24,0.4328,60.04,0.5558,0.7033,0.001,0.5407,0.5672
0.2612,0.5591,0.3538,0.3656,0.2528,0.284,0.5147,68.3,0.7825,0.6895,0.0004,0.2206,0.4853
0.2599,0.5395,0.3123,0.3324,0.4435,0.2802,0.4675,55.88,0.8008,0.7097,0.0046,0.4885,0.5325
0.069,0.3267,0.1074,0.2267,0.4203,0.1143,0.4743,60.04,0.6363,0.6734,0.0011,0.6992,0.5257
0.1892,0.4677,0.2353,0.2769,0.4996,0.2096,0.4524,51.68,0.8229,0.6624,0.0011,0.6087,0.5476
0.1839,0.5292,0.1849,0.2618,0.3697,0.2249,0.4634,37.6,0.7021,0.6601,0.0131,0.5682,0.5366
0.264,0.5232,0.3014,0.3651,0.4808,0.284,0.4556,58.21,0.773,0.7372,0.4138,0.4963,0.5444
0.2808,0.6222,0.2978,0.4,0.4865,0.3178,0.4685,58.32,0.6848,0.7233,0.0165,0.4074,0.5315
0.2509,0.6092,0.2927,0.345,0.4785,0.2864,0.4603,55.58,0.8391,0.7375,0.0029,0.4632,0.5397
0.2377,0.5805,0.2865,0.3219,0.4464,0.2697,0.4498,52.12,0.7982,0.7186,0.0007,0.5255,0.5502
0.2496,0.6163,0.2982,0.3721,0.5229,0.2775,0.4587,57.2,0.8193,0.7157,0.008,0.5267,0.5413
0.2055,0.434,0.2785,0.3019,0.2655,0.2188,0.5236,51.68,0.7731,0.6826,0.0007,0.252,0.4764
0.2753,0.5789,0.3122,0.2789,0.4677,0.3022,0.4664,55.37,0.7154,0.7323,0.0076,0.5111,0.5336
0.3024,0.5538,0.3505,0.3692,0.5085,0.3235,0.4315,55.58,0.6942,0.7528,0.0023,0.461,0.5685
0.1921,0.4909,0.2561,0.2667,0.4665,0.2116,0.4643,61.87,0.5719,0.6927,0.0005,0.6,0.5357
0.171,0.4947,0.2353,0.3085,0.3975,0.2182,0.4699,58.42,0.6607,0.6781,0.001,0.5303,0.5301
0.1946,0.4871,0.2421,0.2751,0.4507,0.2209,0.4549,51.89,0.6304,0.6905,0.0023,0.5827,0.5451
0.2283,0.5093,0.2875,0.3043,0.5529,0.2455,0.4538,58.11,0.5568,0.7325,0.0066,0.5294,0.5462
0.2065,0.4845,0.2875,0.3478,0.5025,0.2249,0.4146,41.8,0.511,0.7052,0.0008,0.5833,0.5854
0.2374,0.5973,0.281,0.3068,0.5093,0.2772,0.4449,58.42,0.8286,0.7284,0.0081,0.4926,0.5551
0.2176,0.5464,0.2539,0.3351,0.4972,0.2545,0.4582,58.01,0.8357,0.7126,0.0012,0.5074,0.5418
0.3343,0.6704,0.4178,0.5263,0.6443,0.3585,0.4696,66.67,0.8941,0.7577,0.0057,0.374,0.5304
0.3576,0.6135,0.381,0.3791,0.2354,0.3792,0.504,47.93,0.7441,0.7309,0.0024,0.2024,0.496
0.2403,0.5353,0.284,0.3529,0.1993,0.2585,0.5635,59.23,0.8538,0.6385,0.0006,0.1865,0.4365
0.1401,0.4338,0.1643,0.2479,0.1633,0.1733,0.5737,61.77,0.5478,0.6271,0.0005,0.2311,0.4263
0.0393,0.2786,0.0504,0.1643,0.3157,0.073,0.4476,50.06,0.676,0.6225,0.0102,0.781,0.5524
0.2039,0.4612,0.1965,0.2707,0.3646,0.2333,0.4257,60.55,0.618,0.6458,0.0058,0.5594,0.5743
0.3243,0.6508,0.367,0.4656,0.5286,0.3523,0.4372,63.49,0.9109,0.7881,0.0021,0.4029,0.5628
0.0632,0.3952,0.1145,0.2096,0.3972,0.1123,0.4387,63.73,0.5077,0.6451,0.0016,0.6972,0.5613
0.195,0.507,0.255,0.2761,0.2272,0.2244,0.5538,42.51,0.8609,0.6436,0.0004,0.1992,0.4462
0.1909,0.4966,0.2297,0.3087,0.423,0.2231,0.4455,52.29,0.7132,0.6945,0.0005,0.5492,0.5545
0.3289,0.6596,0.3979,0.4749,0.5579,0.3515,0.4843,66.37,0.7383,0.7508,0.0068,0.4198,0.5157
0.1462,0.4533,0.188,0.2606,0.1711,0.1826,0.5516,68.81,0.8254,0.6372,0.0005,0.25,0.4484
0.2016,0.494,0.2814,0.3333,0.5467,0.2241,0.4435,47.01,0.5814,0.6977,0.012,0.5725,0.5565
0.3805,0.6366,0.4232,0.4812,0.5433,0.3982,0.4643,57.91,0.8731,0.7659,0.0597,0.4148,0.5357
0.294,0.5613,0.3397,0.3815,0.4891,0.3107,0.4902,59.84,0.822,0.7441,0.0017,0.4615,0.5098
0.3726,0.6537,0.4069,0.3561,0.5291,0.3949,0.49,56.29,0.8803,0.7295,0.0011,0.3465,0.51
0.1296,0.4639,0.1636,0.241,0.1808,0.1701,0.5574,59.13,0.5517,0.5829,0.0014,0.2664,0.4426
0.2511,0.574,0.3155,0.4083,0.5713,0.2777,0.496,60.24,0.7911,0.7389,0.0037,0.373,0.504
0.1552,0.487,0.2099,0.2319,0.203,0.1935,0.5344,52.19,0.8099,0.6596,0.0098,0.2389,0.4656
0.1752,0.5318,0.2267,0.2832,0.23,0.2131,0.5141,60.24,0.7363,0.6876,0.0038,0.261,0.4859
0.111,0.4396,0.1547,0.2473,0.3893,0.1643,0.4395,53.41,0.8058,0.6542,0.043,0.6187,0.5605
0.3317,0.6128,0.4034,0.5237,0.6153,0.3475,0.4056,63.93,0.9028,0.7644,0.0273,0.4662,0.5944
0.2578,0.5422,0.3515,0.4036,0.2619,0.2698,0.5444,60.14,0.5771,0.7027,0.0039,0.1935,0.4556
0.2381,0.6224,0.3933,0.3983,0.1896,0.2495,0.6371,25.7975,0.6335,0.5796,0.0096,0.1411,0.3629
0.2834,0.5699,0.3251,0.3068,0.4813,0.3032,0.4506,70.33,0.7348,0.7215,0.2436,0.4892,0.5494
0.4141,0.6959,0.4548,0.4136,0.5811,0.4337,0.4567,65.86,0.839,0.7819,0.0013,0.3768,0.5433
0.1505,0.5183,0.2266,0.2648,0.4626,0.1924,0.4622,47.32,0.8122,0.6877,0.0015,0.5407,0.5378
0.2524,0.5867,0.3056,0.3627,0.5029,0.2814,0.4444,56.18,0.8133,0.7592,0.047,0.4786,0.5556
0.3489,0.625,0.3527,0.3894,0.4905,0.3753,0.496,57.71,0.912,0.6941,0.0015,0.3889,0.504
0.2203,0.5199,0.3015,0.367,0.5767,0.2404,0.4839,55.84,0.7346,0.7376,0.0046,0.5078,0.5161
0.1917,0.4969,0.2722,0.2893,0.2236,0.2141,0.5703,51.68,0.8188,0.6765,0.0063,0.2048,0.4297
0.1418,0.5049,0.1724,0.2108,0.3724,0.1994,0.4861,61.77,0.7133,0.6842,0.0011,0.5659,0.5139
0.2464,0.5346,0.3228,0.3459,0.6032,0.2597,0.4656,52.6,0.7471,0.7413,0.0007,0.5606,0.5344
0.186,0.4255,0.2324,0.231,0.5067,0.2069,0.4919,51.58,0.7872,0.6733,0.0118,0.5794,0.5081
0.2865,0.6134,0.3264,0.3557,0.5329,0.3089,0.4291,59.74,0.718,0.7162,0.0008,0.4897,0.5709
0.2754,0.5797,0.379,0.3478,0.2972,0.2922,0.5099,59.94,0.9243,0.7284,0.0006,0.2174,0.4901
0.1208,0.4826,0.15,0.2239,0.3685,0.1815,0.4919,60.14,0.5984,0.6367,0.0005,0.5952,0.5081
0.1706,0.415,0.2329,0.3333,0.5078,0.1841,0.484,49.75,0.7712,0.7084,0.0075,0.6202,0.516
0.3048,0.6193,0.3622,0.3756,0.4938,0.3354,0.4257,49.25,0.7903,0.7586,0.0144,0.4336,0.5743
0.2584,0.5291,0.2872,0.3704,0.4357,0.2821,0.4453,55.37,0.7353,0.7159,0.0073,0.5328,0.5547
0.3199,0.5825,0.3679,0.3763,0.5164,0.3408,0.4355,57.71,0.7567,0.719,0.0069,0.4714,0.5645
0.3133,0.5714,0.4409,0.4889,0.3111,0.3222,0.5124,55.54,0.5922,0.7258,0.0006,0.186,0.4876
0.193,0.5444,0.2917,0.3136,0.4873,0.2324,0.492,60.95,0.5187,0.7087,0.0057,0.5197,0.508
0.1359,0.4838,0.1404,0.2444,0.1865,0.1889,0.5494,60.14,0.6313,0.6568,0.0004,0.2174,0.4506
0.2795,0.5782,0.3798,0.3304,0.274,0.3002,0.5257,58.01,0.8675,0.731,0.0034,0.1976,0.4743
0.1997,0.5224,0.3008,0.2761,0.5654,0.2323,0.4709,49.55,0.7126,0.6173,0.0029,0.5046,0.5291
0.2561,0.5326,0.2896,0.3261,0.2294,0.2826,0.5179,60.35,0.7636,0.6761,0.2591,0.2351,0.4821
0.1397,0.5,0.1976,0.3036,0.2136,0.1809,0.5178,62.27,0.7904,0.6981,0.0006,0.2569,0.4822
0.2339,0.4808,0.271,0.3846,0.2266,0.2495,0.5517,57.81,0.7345,0.6858,0.0017,0.2155,0.4483
0.192,0.5203,0.218,0.3035,0.4601,0.2305,0.4563,57.61,0.5484,0.7117,0.0067,0.5547,0.5437
0.1028,0.4105,0.0899,0.2,0.1458,0.1481,0.5692,61.06,0.4734,0.6089,0.0006,0.249,0.4308
0.216,0.5086,0.2561,0.2749,0.4893,0.2468,0.2374,69.01,0.8277,0.6681,0.0022,0.6225,0.7626
0.1488,0.5539,0.1773,0.2549,0.4083,0.2153,0.408,49.86,0.7645,0.6948,0.0009,0.5473,0.592
0.182,0.4771,0.2632,0.3203,0.5135,0.2081,0.4321,56.18,0.82,0.7075,0.006,0.558,0.5679
0.1817,0.562,0.2721,0.3358,0.2199,0.2042,0.564,28.8672,0.7396,0.5954,0.0081,0.212,0.436
0.1866,0.5234,0.2105,0.2534,0.4451,0.2234,0.494,47.28,0.8522,0.6524,0.0166,0.4961,0.506
0.2302,0.5306,0.2757,0.3557,0.4844,0.2495,0.4603,65.96,0.5377,0.7058,0.0186,0.5515,0.5397
0.2879,0.5485,0.2898,0.2931,0.1972,0.3161,0.502,54.97,0.8741,0.7377,0.0018,0.2134,0.498
0.2486,0.5542,0.3394,0.3976,0.6032,0.2646,0.488,60.45,0.8268,0.7224,0.0055,0.4844,0.512
0.3088,0.5549,0.3953,0.3642,0.2229,0.3214,0.5675,71.95,0.7097,0.7056,0.0053,0.1587,0.4325
0.1298,0.4748,0.2029,0.3022,0.4967,0.1678,0.3836,47.12,0.6642,0.667,0.0004,0.6444,0.6164
0.393,0.6025,0.3747,0.3549,0.5474,0.4182,0.3485,48.74,0.8855,0.473,0.003,0.3488,0.6515
0.1944,0.4531,0.2541,0.3172,0.5498,0.2105,0.4531,58.42,0.4927,0.6727,0.0044,0.597,0.5469
0.2396,0.515,0.3193,0.2754,0.2584,0.2545,0.5354,60.24,0.8653,0.7174,0.0005,0.2283,0.4646
0.2723,0.5505,0.3508,0.3792,0.2217,0.2923,0.5142,55.44,0.8476,0.7294,0.006,0.2227,0.4858
0.1873,0.5963,0.2228,0.2955,0.4347,0.2343,0.4337,60.24,0.764,0.7026,0.0119,0.5035,0.5663
0.3205,0.6113,0.3396,0.4021,0.5694,0.3463,0.4524,51.89,0.8055,0.7517,0.0095,0.4275,0.5476
0.1274,0.4673,0.163,0.2492,0.448,0.1706,0.4464,60.04,0.7624,0.6753,0.0005,0.6047,0.5536
0.2778,0.5641,0.3402,0.3538,0.475,0.3124,0.4524,59.64,0.8498,0.7298,0.0049,0.442,0.5476
0.2076,0.5269,0.2416,0.2967,0.4971,0.2465,0.4449,57.71,0.7292,0.7064,0.0016,0.5603,0.5551
0.1972,0.533,0.2767,0.3553,0.461,0.2304,0.42,47.32,0.7858,0.7341,0.0007,0.5448,0.58
0.3328,0.6211,0.3915,0.5053,0.5684,0.3537,0.4223,63.63,0.867,0.7771,0.0026,0.4414,0.5777
0.0435,0.3061,0.0616,0.1701,0.3256,0.0765,0.4743,57.71,0.7306,0.6276,0.0077,0.7444,0.5257
0.2408,0.5341,0.2866,0.3145,0.2302,0.2626,0.5301,52.29,0.62,0.6933,0.0011,0.2209,0.4699
0.1677,0.526,0.2209,0.3237,0.4895,0.2032,0.42,47.22,0.8218,0.7159,0.0014,0.5862,0.58
0.2012,0.5469,0.2618,0.3438,0.4436,0.2495,0.49,70.53,0.7572,0.6909,0.0021,0.4882,0.51
0.0598,0.363,0.1103,0.1918,0.4313,0.096,0.4685,59.94,0.7861,0.6665,0.0018,0.7037,0.5315
0.2105,0.4566,0.2783,0.3151,0.2114,0.2253,0.5542,47.52,0.7664,0.6683,0.0059,0.241,0.4458
0.2768,0.5547,0.3056,0.3467,0.4882,0.3014,0.4802,66.37,0.8226,0.7258,0.0009,0.4809,0.5198
0.2875,0.6335,0.3474,0.3927,0.5694,0.3184,0.4444,51.28,0.889,0.737,0.0525,0.4286,0.5556
0.1437,0.4204,0.1987,0.2484,0.4614,0.1677,0.4578,57.81,0.4112,0.658,0.038,0.6519,0.5422
0.0399,0.2543,0.0484,0.1649,0.2894,0.07,0.5,47.52,0.6677,0.5859,0.0006,0.7823,0.5
0.1964,0.533,0.2762,0.3242,0.4684,0.2345,0.4741,55.58,0.788,0.7417,0.0014,0.5,0.5259
0.1894,0.5445,0.2316,0.3037,0.1914,0.2332,0.5263,63.59,0.7744,0.6837,0.0006,0.2389,0.4737
0.0532,0.273,0.0756,0.1638,0.1674,0.0922,0.5219,51.78,0.6834,0.5965,0.0063,0.3426,0.4781
0.1541,0.4724,0.1689,0.189,0.1809,0.1891,0.54,58.52,0.6616,0.6341,0.0004,0.224,0.46
0.2287,0.5387,0.2735,0.3467,0.4755,0.2665,0.4524,46.81,0.4695,0.7283,0.0029,0.5362,0.5476
0.2172,0.5093,0.3,0.3665,0.27,0.2354,0.506,58.32,0.7072,0.7089,0.0007,0.2329,0.494
0.27,0.5465,0.3505,0.3243,0.5779,0.2889,0.4618,58.32,0.7854,0.7205,0.0029,0.5149,0.5382
0.3055,0.6211,0.381,0.4421,0.5418,0.3293,0.4563,51.68,0.8768,0.7496,0.0037,0.4599,0.5437
0.0774,0.3779,0.1115,0.202,0.422,0.1141,0.4498,66.27,0.7797,0.6519,0.0024,0.6861,0.5502
0.3033,0.6496,0.3702,0.3683,0.5429,0.335,0.4766,57.71,0.8836,0.7601,0.0011,0.4478,0.5234
0.3122,0.6407,0.3866,0.3621,0.5951,0.3363,0.496,47.83,0.891,0.77,0.0008,0.3858,0.504
0.1354,0.4798,0.1624,0.2424,0.3825,0.1904,0.4453,55.13,0.785,0.6592,0.0008,0.5693,0.5547
0.2395,0.5753,0.314,0.3671,0.5417,0.2745,0.4542,57.91,0.8111,0.726,0.0025,0.4745,0.5458
0.1915,0.5028,0.2273,0.3051,0.4491,0.2251,0.4737,47.42,0.7922,0.7052,0.0081,0.5385,0.5263
0.2675,0.5892,0.3476,0.4079,0.5874,0.2918,0.452,58.11,0.8385,0.7722,0.0159,0.4599,0.548
0.427,0.6603,0.4423,0.4976,0.5217,0.4438,0.435,55.88,0.8563,0.7663,0.0419,0.3957,0.565
0.152,0.5366,0.1961,0.2195,0.3872,0.2086,0.4309,49.75,0.4978,0.6915,0.0312,0.5929,0.5691
0.196,0.4467,0.255,0.3,0.205,0.2082,0.544,62.38,0.6851,0.6625,0.0008,0.244,0.456
0.3361,0.6247,0.4116,0.3832,0.601,0.356,0.4516,60.14,0.9267,0.7496,0.0025,0.4265,0.5484
0.1569,0.4582,0.2305,0.2786,0.2155,0.1798,0.51,53.41,0.6669,0.6543,0.0222,0.2651,0.49
0.2478,0.5158,0.3228,0.298,0.2547,0.2633,0.5216,59.53,0.5001,0.711,0.0056,0.2588,0.4784
0.123,0.504,0.1774,0.288,0.1608,0.1493,0.6056,24.859,0.5941,0.5684,0.003,0.1952,0.3944
0.0944,0.3211,0.1077,0.194,0.1745,0.1238,0.5118,51.58,0.7914,0.6915,0.0004,0.3386,0.4882
0.2475,0.5266,0.2817,0.3754,0.2061,0.2675,0.5777,49.75,0.6824,0.6556,0.0024,0.1673,0.4223
0.1169,0.3874,0.1263,0.1832,0.1457,0.166,0.521,58.32,0.4719,0.6213,0.0004,0.2899,0.479
0.1992,0.5829,0.2529,0.3029,0.49,0.2392,0.4245,50.26,0.7843,0.7162,0.0056,0.5106,0.5755
0.4557,0.7018,0.5093,0.5277,0.6642,0.4658,0.444,55.27,0.8735,0.7865,0.0091,0.3669,0.556
0.2449,0.5855,0.2917,0.3782,0.5046,0.2864,0.5,46.71,0.7518,0.7124,0.0098,0.4365,0.5
0.3327,0.6186,0.3627,0.4124,0.5947,0.3592,0.46,58.01,0.8475,0.7451,0.0021,0.4296,0.54
0.2252,0.5263,0.254,0.3105,0.4193,0.2535,0.4462,58.32,0.8435,0.7135,0.002,0.554,0.5538
0.2269,0.543,0.2541,0.2581,0.4299,0.2555,0.4303,60.35,0.6536,0.6992,0.001,0.5664,0.5697
0.2459,0.5352,0.3513,0.4056,0.5136,0.278,0.4656,56.29,0.7993,0.7444,0.0093,0.4621,0.5344
0.037,0.3636,0.1288,0.1818,0.2069,0.0936,0.516,51.58,0.5802,0.6364,0.0007,0.304,0.484
0.3067,0.543,0.46,0.4901,0.2846,0.3126,0.5547,54.42,0.7463,0.7081,0.0006,0.1619,0.4453
0.1649,0.4444,0.2006,0.2621,0.3897,0.2022,0.5,66.78,0.82,0.6594,0.0055,0.552,0.5
0.3224,0.6045,0.3595,0.4181,0.4739,0.3443,0.4841,57.81,0.8227,0.7527,0.0012,0.4154,0.5159
0.2247,0.519,0.2675,0.2595,0.1685,0.2494,0.5346,67.49,0.7224,0.6816,0.0081,0.2074,0.4654
0.0811,0.4276,0.1181,0.2276,0.1515,0.127,0.5459,64.34,0.8032,0.6315,0.0058,0.2569,0.4541
0.2061,0.5517,0.2613,0.2546,0.4784,0.2386,0.4545,60.35,0.78,0.7067,0.005,0.529,0.5455
0.2749,0.5398,0.3152,0.3805,0.4277,0.2996,0.4821,55.37,0.8825,0.6983,0.0032,0.4769,0.5179
0.2188,0.52,0.3226,0.288,0.2429,0.2335,0.5656,59.23,0.6139,0.6946,0.0004,0.2217,0.4344
0.3292,0.6086,0.3213,0.3687,0.4419,0.3625,0.4798,44.75,0.9317,0.6998,0.0037,0.3488,0.5202
0.2915,0.6234,0.3158,0.3791,0.4636,0.3244,0.4405,58.42,0.8747,0.7422,0.0491,0.4397,0.5595
0.123,0.4479,0.1728,0.2761,0.4334,0.1697,0.4878,48.13,0.7358,0.6605,0.0006,0.5794,0.5122
0.267,0.5933,0.2737,0.3472,0.4317,0.3149,0.4961,55.17,0.8108,0.6906,0.0008,0.4062,0.5039
0.1108,0.4274,0.149,0.2564,0.35,0.1613,0.4915,47.28,0.7728,0.6318,0.0624,0.563,0.5085
0.1023,0.4319,0.1085,0.2365,0.1459,0.1547,0.5873,21.408,0.6298,0.5898,0.0005,0.2222,0.4127
0.1964,0.5228,0.2936,0.3587,0.2545,0.2223,0.548,43.63,0.7308,0.6717,0.0007,0.212,0.452
0.2529,0.5104,0.2565,0.3073,0.483,0.2787,0.46,60.24,0.646,0.6817,0.0008,0.4815,0.54
0.1591,0.5445,0.179,0.2443,0.4025,0.2184,0.498,53.31,0.7917,0.6825,0.0016,0.5079,0.502
0.2298,0.5233,0.2807,0.3547,0.5362,0.2525,0.4802,55.13,0.8033,0.6974,0.0004,0.5115,0.5198
0.1911,0.456,0.2623,0.2866,0.2452,0.2086,0.5407,68.91,0.7796,0.694,0.0004,0.252,0.4593
0.3239,0.5969,0.3487,0.4388,0.5312,0.3519,0.4274,55.37,0.8369,0.7569,0.0063,0.4366,0.5726
0.0321,0.2905,0.068,0.1689,0.3219,0.072,0.4627,57.5,0.4204,0.6274,0.0016,0.7664,0.5373
0.1727,0.5057,0.2085,0.3142,0.4049,0.2029,0.4126,72.26,0.5679,0.5654,0.0005,0.6033,0.5874
0.1491,0.4402,0.1858,0.2609,0.3976,0.1891,0.492,62.27,0.7385,0.6578,0.0015,0.6142,0.508
0.2831,0.5651,0.2914,0.3489,0.4219,0.3103,0.4274,59.84,0.8628,0.7285,0.0017,0.4859,0.5726
0.1383,0.5067,0.1823,0.2507,0.4146,0.196,0.437,57.71,0.7722,0.704,0.0028,0.5524,0.563
0.1498,0.3851,0.2109,0.3041,0.4503,0.1653,0.496,43.43,0.5768,0.6633,0.0004,0.632,0.504
0.2295,0.5747,0.289,0.3276,0.5244,0.2604,0.4664,49.86,0.8154,0.7569,0.0087,0.5185,0.5336
0.2782,0.5864,0.3211,0.3717,0.5317,0.3026,0.498,57.91,0.873,0.7295,0.0007,0.4127,0.502
0.2271,0.478,0.3038,0.2327,0.2379,0.2434,0.5447,50.57,0.7408,0.6984,0.0041,0.2276,0.4553
0.3421,0.688,0.4075,0.2987,0.6182,0.3707,0.4418,52.29,0.8027,0.7693,0.0022,0.4029,0.5582
0.3001,0.5577,0.3739,0.4676,0.518,0.3149,0.46,57.91,0.9175,0.7639,0.0446,0.4741,0.54
0.1517,0.4625,0.2175,0.3063,0.4783,0.1815,0.5,59.84,0.6345,0.6683,0.0005,0.5242,0.5
0.3083,0.5389,0.3795,0.4012,0.2723,0.3164,0.5317,61.87,0.7954,0.7516,0.0008,0.2103,0.4683
0.2557,0.5277,0.3183,0.3166,0.4399,0.2816,0.4861,62.82,0.8183,0.6991,0.0043,0.4806,0.5139
0.2598,0.6116,0.2992,0.3747,0.5038,0.2859,0.4339,60.65,0.9123,0.7177,0.0098,0.5255,0.5661
0.2034,0.484,0.2796,0.3559,0.517,0.2215,0.4622,52.29,0.7106,0.6904,0.0005,0.5868,0.5378
0.2956,0.6166,0.349,0.4041,0.5156,0.3246,0.4542,47.01,0.8847,0.7596,0.0014,0.4818,0.5458
0.0571,0.3165,0.0881,0.2088,0.3932,0.0994,0.4862,57.81,0.6278,0.65,0.0012,0.7154,0.5138
0.3012,0.5617,0.3913,0.3395,0.2969,0.3121,0.5221,52.49,0.5918,0.7301,0.0085,0.2289,0.4779
0.1397,0.4929,0.1937,0.272,0.4229,0.1838,0.4498,58.11,0.6152,0.7157,0.0065,0.6058,0.5502
0.282,0.5895,0.3439,0.3526,0.5304,0.3084,0.4365,63.19,0.8099,0.7557,0.0014,0.4507,0.5635
0.2814,0.5382,0.3545,0.3987,0.5637,0.2906,0.469,51.58,0.8045,0.6567,0.0004,0.4833,0.531
0.2788,0.6075,0.3459,0.3763,0.5002,0.3091,0.4427,58.52,0.8908,0.758,0.0024,0.4752,0.5573
0.1716,0.527,0.262,0.3556,0.504,0.1982,0.444,59.23,0.8168,0.7542,0.0017,0.5612,0.556
0.2304,0.5362,0.2573,0.3382,0.4127,0.2745,0.4462,58.01,0.8293,0.7229,0.0158,0.5468,0.5538
0.0739,0.4106,0.1357,0.2111,0.1969,0.1198,0.5117,61.06,0.5976,0.645,0.0005,0.3086,0.4883
0.3253,0.6015,0.3566,0.3959,0.5306,0.3491,0.4449,49.55,0.808,0.7464,0.0013,0.4632,0.5551
0.2551,0.5722,0.2961,0.4056,0.4974,0.2809,0.4677,58.11,0.8245,0.7426,0.0122,0.4848,0.5323
0.1688,0.4387,0.2403,0.3097,0.2414,0.1819,0.5059,66.57,0.5627,0.6987,0.0117,0.3043,0.4941
0.1671,0.5263,0.2061,0.3102,0.4629,0.2076,0.4722,59.74,0.8218,0.7148,0.0009,0.5564,0.5278
0.1069,0.4213,0.1126,0.2187,0.3484,0.16,0.4585,63.73,0.7904,0.6598,0.0036,0.6715,0.5415
0.1622,0.4431,0.2291,0.3015,0.2145,0.1832,0.5551,53.41,0.7924,0.6504,0.0045,0.2362,0.4449
0.3357,0.6085,0.3617,0.455,0.5195,0.3537,0.4622,60.24,0.789,0.7772,0.039,0.4222,0.5378
0.0308,0.3514,0.0544,0.1622,0.3711,0.0795,0.4506,58.01,0.7525,0.6412,0.0017,0.705,0.5494
0.1812,0.5389,0.2292,0.3368,0.4445,0.2263,0.4498,58.21,0.7294,0.6685,0.0006,0.5547,0.5502
0.2492,0.593,0.2981,0.3666,0.4885,0.2812,0.4675,53.41,0.8816,0.7336,0.0493,0.4351,0.5325
0.2188,0.5113,0.3127,0.3819,0.2236,0.2335,0.5538,52.29,0.6708,0.6648,0.0046,0.2151,0.4462
0.1103,0.48,0.1233,0.2507,0.1738,0.1636,0.5221,62.27,0.7161,0.6466,0.0005,0.2771,0.4779
0.2573,0.5769,0.2657,0.399,0.4803,0.2952,0.4506,59.64,0.679,0.7031,0.0007,0.4892,0.5494
0.2175,0.5613,0.2849,0.3215,0.4831,0.2505,0.4603,57.61,0.7841,0.7246,0.0019,0.5441,0.5397
0.1147,0.4131,0.1063,0.2015,0.1679,0.1687,0.5119,63.09,0.7111,0.6009,0.0037,0.2659,0.4881
0.2379,0.5731,0.2882,0.3743,0.4754,0.2687,0.4618,45.46,0.8258,0.7507,0.0016,0.4776,0.5382
0.2606,0.5643,0.3344,0.326,0.5209,0.2738,0.4839,52.9,0.6146,0.7024,0.0004,0.4844,0.5161
0.2598,0.5443,0.3815,0.4404,0.5679,0.2724,0.4941,58.01,0.7436,0.7518,0.0005,0.4844,0.5059
0.1419,0.4762,0.2045,0.2667,0.4287,0.1766,0.5,62.27,0.7739,0.7052,0.0004,0.5794,0.5
0.2273,0.4969,0.325,0.3043,0.52,0.2396,0.4902,62.38,0.8278,0.7102,0.0129,0.5462,0.5098
0.338,0.6064,0.4164,0.4257,0.6371,0.3509,0.4355,58.01,0.7006,0.7591,0.0061,0.4643,0.5645
0.0706,0.5294,0.1356,0.2773,0.3568,0.1475,0.3989,64.85,0.6003,0.5387,0.0005,0.6018,0.6011
0.1015,0.3899,0.1772,0.2138,0.4167,0.1337,0.4722,59.53,0.7537,0.6618,0.0035,0.6692,0.5278
0.278,0.5749,0.2961,0.4058,0.4561,0.3177,0.4777,47.42,0.6271,0.7211,0.001,0.4806,0.5223
0.194,0.4858,0.254,0.3281,0.5532,0.2097,0.4704,58.11,0.7832,0.7295,0.0005,0.5896,0.5296
0.3491,0.6026,0.3969,0.374,0.5174,0.3682,0.468,57.61,0.8435,0.7094,0.0057,0.3985,0.532
0.3114,0.5591,0.3351,0.4086,0.5096,0.326,0.464,62.38,0.6979,0.7126,0.0051,0.4627,0.536
0.3214,0.5722,0.352,0.4278,0.2632,0.3333,0.5221,60.55,0.7395,0.6815,0.007,0.2048,0.4779
0.2489,0.5269,0.2811,0.3333,0.469,0.2724,0.4545,63.49,0.7119,0.6969,0.0023,0.5145,0.5455
0.3111,0.5774,0.3377,0.3885,0.4819,0.3347,0.4556,58.82,0.8101,0.7172,0.0036,0.4519,0.5444
0.0854,0.3412,0.095,0.1942,0.1113,0.1309,0.5813,24.1107,0.4411,0.5539,0.0009,0.2724,0.4187
0.3472,0.6759,0.3767,0.3194,0.4813,0.3783,0.488,60.14,0.7659,0.7181,0.0105,0.3594,0.512
0.3419,0.5905,0.3493,0.419,0.4523,0.3677,0.49,58.32,0.8515,0.7433,0.0012,0.3828,0.51
0.2833,0.5587,0.3097,0.376,0.4598,0.3073,0.4435,60.55,0.7476,0.7092,0.0017,0.4928,0.5565
0.1781,0.443,0.2492,0.2997,0.1996,0.1951,0.502,52.8,0.6564,0.6935,0.0064,0.302,0.498
0.2041,0.4365,0.2623,0.2866,0.4976,0.2182,0.494,38.76,0.7547,0.6975,0.0285,0.5556,0.506
0.2644,0.5641,0.3209,0.3533,0.2029,0.285,0.5608,61.67,0.8842,0.7244,0.0004,0.1843,0.4392
0.2413,0.5571,0.3193,0.2618,0.4896,0.2699,0.4228,61.67,0.7176,0.7315,0.0155,0.5211,0.5772
0.2072,0.5364,0.2667,0.3113,0.4582,0.246,0.4389,57.61,0.8381,0.6842,0.0018,0.5,0.5611
0.3075,0.6684,0.399,0.3916,0.4993,0.3419,0.4822,55.37,0.8246,0.7423,0.0054,0.3969,0.5178
0.2313,0.5476,0.3353,0.3631,0.5504,0.2505,0.4355,47.32,0.7482,0.7197,0.0089,0.5571,0.5645
0.217,0.5559,0.2709,0.3496,0.5218,0.2495,0.4683,60.24,0.7612,0.7035,0.0006,0.5075,0.5317
0.2955,0.5803,0.3542,0.3316,0.5968,0.3191,0.4348,57.61,0.7973,0.7445,0.0008,0.5035,0.5652
0.1705,0.4424,0.2257,0.2492,0.4957,0.192,0.4694,50.57,0.5871,0.673,0.0025,0.5692,0.5306
0.2299,0.5658,0.2817,0.3249,0.5192,0.2589,0.3917,50.16,0.8853,0.7364,0.0397,0.5685,0.6083
0.2111,0.4351,0.2876,0.3571,0.2568,0.222,0.5385,55.78,0.731,0.6193,0.002,0.251,0.4615
0.2189,0.4635,0.2147,0.2917,0.3645,0.2515,0.4204,58.32,0.6468,0.6775,0.0024,0.5845,0.5796
0.2008,0.5173,0.2306,0.2987,0.4749,0.2334,0.46,57.4,0.7699,0.6871,0.0824,0.563,0.54
